Crack Growth Rate,Flow Rate,Pressure Drop,Spectral Entropy
5.273182944810426e-06,0.00015134805463775346,10000.000000000002,6.353769237341555
5.273182944810426e-06,0.00016902781830063882,10000.000000000002,6.129303578963482
5.273182944810426e-06,0.000175572675185402,10000.000000000002,6.0671924475002434
5.273182944810426e-06,0.00016041914847389092,10000.000000000002,6.4042729132649265
5.273182944810426e-06,0.00016129396942244365,10000.000000000002,6.552122107694092
5.273182944810426e-06,0.00018197761443969424,10000.000000000002,6.303433719251464
5.273182944810426e-06,0.0001516479026012794,10000.000000000002,6.691906289366582
5.273182944810426e-06,0.0001931229857237726,10000.000000000002,6.2664726286273895
5.273182944810426e-06,0.00016867499831810668,10000.000000000002,6.3046542012841655
5.273182944810426e-06,0.00017569743943040701,10000.000000000002,6.317170270020479
5.273182944810426e-06,0.00014093941733457892,10000.000000000002,5.991955022271121
5.273182944810426e-06,0.0001574126850650899,10000.000000000002,6.404705861756646
5.273182944810426e-06,0.0001724962497106096,10000.000000000002,6.310476668280984
5.273182944810426e-06,0.00014543899269212437,10000.000000000002,6.445490432767494
5.273182944810426e-06,0.00018040884345141213,10000.000000000002,6.488014429596204
5.273182944810426e-06,0.0001915502501097987,10000.000000000002,6.1115731603124335
5.273182944810426e-06,0.0001626196828575434,10000.000000000002,6.561900507912503
5.273182944810426e-06,0.0001722536350812779,10000.000000000002,6.336159565037619
5.273182944810426e-06,0.00018735732915852452,10000.000000000002,6.685101737429571
5.273182944810426e-06,0.000191408227644086,10000.000000000002,6.427916825472836
5.273182944810426e-06,0.00018370031983165318,10000.000000000002,6.010637453075663
5.273182944810426e-06,0.00016509298595475448,10000.000000000002,6.200546089818238
5.273182944810426e-06,0.0001877703931979882,10000.000000000002,5.998532564928565
5.273182944810426e-06,0.00014543899269212437,10000.000000000002,6.272201988700806
5.273182944810426e-06,0.00015583672939487226,10000.000000000002,6.421316082764312
5.273182944810426e-06,0.00017796612460632284,10000.000000000002,6.552101890584636
5.273182944810426e-06,0.0001888786005500035,10000.000000000002,6.270269692587954
5.273182944810426e-06,0.00014022466388699748,10000.000000000002,5.739620357210232
5.273182944810426e-06,0.0001559410551470759,10000.000000000002,6.486205404709002
5.273182944810426e-06,0.00017796612460632284,10000.000000000002,6.494304390499756
5.273182944810426e-06,0.00017519917859488336,10000.000000000002,6.230467439010093
5.273182944810426e-06,0.00015194864234511693,10000.000000000002,6.435969520456805
5.273182944810426e-06,0.00018667191224081123,10000.000000000002,6.506472732167607
5.273182944810426e-06,0.0001697367883185375,10000.000000000002,6.414053303629869
5.273182944810426e-06,0.00019398901839868924,10000.000000000002,6.190436921944508
5.273182944810426e-06,0.00014996045195713812,10000.000000000002,6.539888561014873
5.273182944810426e-06,0.00016041914847389092,10000.000000000002,5.553470292448237
5.273182944810426e-06,0.00018106002331082642,10000.000000000002,6.56216260606102
5.273182944810426e-06,0.00018490733327050513,10000.000000000002,6.502365739404075
5.273182944810426e-06,0.0001764488246499006,10000.000000000002,6.336020250341255
5.273182944810426e-06,0.0001788602699768553,10000.000000000002,6.337620838440732
5.273182944810426e-06,0.00016041914847389092,10000.000000000002,6.618439105566535
5.273182944810426e-06,0.00015965950679344544,10000.000000000002,6.512520006953107
5.273182944810426e-06,0.0001802790290609808,10000.000000000002,6.481401566277794
5.273182944810426e-06,0.00014791454624422218,10000.000000000002,6.5141801380067434
5.273182944810426e-06,0.0001796320538705733,10000.000000000002,6.26868007790962
5.273182944810426e-06,0.00016902781830063882,10000.000000000002,6.6039636640568
5.273182944810426e-06,0.00015015751007444315,10000.000000000002,6.400482445174002
5.273182944810426e-06,0.00014102914560100484,10000.000000000002,6.571815501042808
5.273182944810426e-06,0.000147433595534952,10000.000000000002,6.426049310025743
5.273182944810426e-06,0.000159984405221426,10000.000000000002,6.593337236246004
5.273182944810426e-06,0.00016020155558401953,10000.000000000002,6.5174828948142505
5.273182944810426e-06,0.00018184610349545309,10000.000000000002,6.288205702649428
5.273182944810426e-06,0.0001560454857074494,10000.000000000002,6.484118747617799
5.273182944810426e-06,0.00017470303379650914,10000.000000000002,6.195370406060448
5.273182944810426e-06,0.00014004682508045506,10000.000000000002,6.508438195297829
5.273182944810426e-06,0.0001536698517569255,10000.000000000002,6.3757710269442285
5.273182944810426e-06,0.0001924057139353914,10000.000000000002,6.395148060640736
5.273182944810426e-06,0.00014111895958218278,10000.000000000002,6.529293948734947
5.273182944810426e-06,0.000191408227644086,10000.000000000002,6.679883174510728
5.273182944810426e-06,0.00016773952989664276,10000.000000000002,6.370177930915429
5.273182944810426e-06,0.00015225027742724523,10000.000000000002,6.1983728097680455
5.273182944810426e-06,0.00016184437229468907,10000.000000000002,6.421900338610287
5.273182944810426e-06,0.00013951533383459676,10000.000000000002,6.444000230190609
5.273182944810426e-06,0.0001744557511699987,10000.000000000002,6.022400764425473
5.273182944810426e-06,0.00015305904211312702,10000.000000000002,6.343215987108039
5.273182944810426e-06,0.00018132148274987224,10000.000000000002,6.452706800799614
5.273182944810426e-06,0.00015944345750956726,10000.000000000002,6.415239953536354
5.273182944810426e-06,0.0001414790752162654,10000.000000000002,6.409521557917952
5.273182944810426e-06,0.00017213251963983732,10000.000000000002,6.590599140575103
5.273182944810426e-06,0.0001437613676490276,10000.000000000002,6.3227487063675785
5.273182944810426e-06,0.0001586907292067904,10000.000000000002,6.081455020809132
5.273182944810426e-06,0.00014515735605042407,10000.000000000002,5.571301825267353
5.273182944810426e-06,0.00015055279302423485,10000.000000000002,6.382941617709816
5.273182944810426e-06,0.00014394633307440253,10000.000000000002,6.417489182393718
5.273182944810426e-06,0.00014450337624141604,10000.000000000002,6.020847813773319
5.273182944810426e-06,0.00018915718558709058,10000.000000000002,6.493102895183999
5.273182944810426e-06,0.00014898095416600906,10000.000000000002,6.584544613327834
5.273182944810426e-06,0.0001453450228247738,10000.000000000002,6.54913956940409
5.273182944810426e-06,0.00016063718509411485,10000.000000000002,6.382258711191649
5.273182944810426e-06,0.00016140382509651825,10000.000000000002,6.660381232813604
5.273182944810426e-06,0.00016228672605403039,10000.000000000002,6.438019904803833
5.273182944810426e-06,0.00014220345716468044,10000.000000000002,6.553871775862985
5.273182944810426e-06,0.00016566296805420043,10000.000000000002,6.204267556435129
5.273182944810426e-06,0.00019183476968150993,10000.000000000002,6.3800163274578
5.273182944810426e-06,0.00017834850701940597,10000.000000000002,6.298701773356459
5.273182944810426e-06,0.00016031029663793892,10000.000000000002,6.463496905182926
5.273182944810426e-06,0.00017950307677411383,10000.000000000002,6.498014740052849
5.273182944810426e-06,0.00018210926810071298,10000.000000000002,6.093876174035858
5.273182944810426e-06,0.00014284186717267533,10000.000000000002,6.3463672888452916
5.273182944810426e-06,0.00018915718558709058,10000.000000000002,5.809537444822864
5.273182944810426e-06,0.00015922784657097268,10000.000000000002,5.768623577171899
5.273182944810426e-06,0.00014966559110179964,10000.000000000002,6.523743363974882
5.273182944810426e-06,0.00018708271002799626,10000.000000000002,6.435560621718394
5.273182944810426e-06,0.00015826299013919613,10000.000000000002,6.254926122422133
5.273182944810426e-06,0.00019126636308091908,10000.000000000002,6.1737835426284455
5.273182944810426e-06,0.0001438538057670526,10000.000000000002,6.490342398191221
5.273182944810426e-06,0.00014284186717267533,10000.000000000002,6.568371712427043
5.273182944810426e-06,0.0001529575946146967,10000.000000000002,6.656528870996519
5.273182944810426e-06,0.00017619782835820308,10000.000000000002,6.488032133732824
5.273182944810426e-06,0.00018901781606998035,10000.000000000002,6.493755069118166
5.273182944810426e-06,0.00017408581026429848,10000.000000000002,6.346182768580701
5.273182944810426e-06,0.0001675068790662822,10000.000000000002,6.2598280551389
5.273182944810426e-06,0.00015418165698725364,10000.000000000002,5.783334475856623
5.273182944810426e-06,0.00015510937195057934,10000.000000000002,5.846577633853039
5.273182944810426e-06,0.00017532354495600148,10000.000000000002,6.436615385018769
5.273182944810426e-06,0.00018092950560606532,10000.000000000002,6.484571831916899
5.273182944810426e-06,0.00016384933373881573,10000.000000000002,6.3904892187610995
5.273182944810426e-06,0.00015245186665755714,10000.000000000002,6.202415250180349
5.273182944810426e-06,0.00015879793498674167,10000.000000000002,6.553887585912959
5.273182944810426e-06,0.00013889907587445207,10000.000000000002,6.131050495439707
5.273182944810426e-06,0.0001492737937551119,10000.000000000002,6.360545949919019
5.273182944810426e-06,0.00017834850701940597,10000.000000000002,6.378247630066147
5.273182944810426e-06,0.00015015751007444315,10000.000000000002,5.995698534195251
5.273182944810426e-06,0.00014478311108967606,10000.000000000002,6.206653563624002
5.273182944810426e-06,0.00014762569402735934,10000.000000000002,6.46545344391701
5.273182944810426e-06,0.00017152885403484794,10000.000000000002,6.440749254779748
5.273182944810426e-06,0.0001767003575283757,10000.000000000002,6.515608976558269
5.273182944810426e-06,0.00017507494448562334,10000.000000000002,6.6390078067509535
5.273182944810426e-06,0.0001901371032213503,10000.000000000002,6.589920871270865
5.273182944810426e-06,0.00018517717400659632,10000.000000000002,6.433223012726472
5.273182944810426e-06,0.00017128827656384812,10000.000000000002,6.281495468169746
5.273182944810426e-06,0.00018290219876338323,10000.000000000002,6.500168140749631
5.273182944810426e-06,0.00016273089623293,10000.000000000002,6.396814886507546
5.273182944810426e-06,0.00014801101866681373,10000.000000000002,6.579683462625438
5.273182944810426e-06,0.00014076021751005343,10000.000000000002,5.976578876228606
5.273182944810426e-06,0.00019355527559117405,10000.000000000002,6.240034019987144
5.273182944810426e-06,0.00015773074445157216,10000.000000000002,6.483425774125074
5.273182944810426e-06,0.000183433699960476,10000.000000000002,6.137992021480917
5.273182944810426e-06,0.00014830100270572024,10000.000000000002,6.577648820391887
5.273182944810426e-06,0.00015459294434318674,10000.000000000002,6.401317743992042
5.273182944810426e-06,0.00019070047920530884,10000.000000000002,5.4699893659416645
5.273182944810426e-06,0.00018818482499642134,10000.000000000002,6.536328269455156
5.273182944810426e-06,0.00014907847157408574,10000.000000000002,6.606657968415637
5.273182944810426e-06,0.0001528562479307568,10000.000000000002,6.16157494667752
5.273182944810426e-06,0.00015836976259149752,10000.000000000002,6.30926372155171
5.273182944810426e-06,0.0001888786005500035,10000.000000000002,6.360161543261287
5.273182944810426e-06,0.00015794331999443277,10000.000000000002,6.56607931270009
5.273182944810426e-06,0.00018184610349545309,10000.000000000002,6.348831216582216
5.273182944810426e-06,0.00015804976898648192,10000.000000000002,6.286914368108249
5.273182944810426e-06,0.00017860411359231498,10000.000000000002,6.047680293012087
5.273182944810426e-06,0.00018197761443969424,10000.000000000002,6.50605733528187
5.273182944810426e-06,0.00016879248209376705,10000.000000000002,6.331637753330313
5.273182944810426e-06,0.00015407909160109626,10000.000000000002,6.289657200366978
5.273182944810426e-06,0.00017152885403484794,10000.000000000002,6.641124119748451
5.273182944810426e-06,0.00015387426761217629,10000.000000000002,5.8004186626597445
5.273182944810426e-06,0.00016384933373881573,10000.000000000002,6.5866540182282645
5.273182944810426e-06,0.00014022466388699748,10000.000000000002,6.06185834436402
5.273182944810426e-06,0.0001680894160179057,10000.000000000002,5.825725915091292
5.273182944810426e-06,0.0001680894160179057,10000.000000000002,6.08555613769625
5.273182944810426e-06,0.00016085566665141902,10000.000000000002,6.634085545910949
5.273182944810426e-06,0.00017532354495600148,10000.000000000002,6.690401680703187
5.273182944810426e-06,0.0001434845873037715,10000.000000000002,6.494876911436764
5.273182944810426e-06,0.00016085566665141902,10000.000000000002,6.577482024021696
5.273182944810426e-06,0.0001473376868185198,10000.000000000002,6.514537122839881
5.273182944810426e-06,0.00015085028016085532,10000.000000000002,6.443347370475217
5.273182944810426e-06,0.00014907847157408574,10000.000000000002,6.487215204511001
5.273182944810426e-06,0.00018250508746097852,10000.000000000002,6.532975090470584
5.273182944810426e-06,0.000179245538917235,10000.000000000002,6.065820219694561
5.273182944810426e-06,0.00015265385646942274,10000.000000000002,6.521473114195637
5.273182944810426e-06,0.00014111895958218278,10000.000000000002,6.082113768581298
5.273182944810426e-06,0.00016118422589310723,10000.000000000002,6.625296097853208
5.273182944810426e-06,0.00013951533383459676,10000.000000000002,6.3762507356831835
5.273182944810426e-06,0.00015005893250938054,10000.000000000002,6.3801643791880895
5.273182944810426e-06,0.00015815632565283503,10000.000000000002,6.6120079284176345
5.273182944810426e-06,0.0001749508424407875,10000.000000000002,6.595480707500477
5.273182944810426e-06,0.0001802790290609808,10000.000000000002,6.477416323466088
5.273182944810426e-06,0.00018092950560606532,10000.000000000002,6.545398088559454
5.273182944810426e-06,0.00016844039858348887,10000.000000000002,6.425020574166588
5.273182944810426e-06,0.00014275040274085686,10000.000000000002,6.469375038064202
5.273182944810426e-06,0.00017976117001281507,10000.000000000002,6.296671774478403
5.273182944810426e-06,0.00014515735605042407,10000.000000000002,6.5606204073876935
5.273182944810426e-06,0.0001764488246499006,10000.000000000002,6.33659900323047
5.273182944810426e-06,0.00014791454624422218,10000.000000000002,6.604428036957724
5.273182944810426e-06,0.00019055940067181677,10000.000000000002,6.497230430618215
5.273182944810426e-06,0.00015847664315589964,10000.000000000002,6.3844049872198365
5.273182944810426e-06,0.0001574126850650899,10000.000000000002,6.448529180359031
5.273182944810426e-06,0.00019183476968150993,10000.000000000002,6.6273853507736025
5.273182944810426e-06,0.00016295366557644218,10000.000000000002,6.63518408320936
5.273182944810426e-06,0.000147146149837683,10000.000000000002,6.6157553033462175
5.273182944810426e-06,0.0001473376868185198,10000.000000000002,6.435103023709933
5.273182944810426e-06,0.00014357675852987175,10000.000000000002,5.8858712818254215
5.273182944810426e-06,0.0001562546618174856,10000.000000000002,6.210601477355361
5.273182944810426e-06,0.0001769524285272323,10000.000000000002,6.518199191857832
5.273182944810426e-06,0.0001438538057670526,10000.000000000002,6.709624574426284
5.273182944810426e-06,0.00015479920543511955,10000.000000000002,6.5686198674496765
5.273182944810426e-06,0.0001744557511699987,10000.000000000002,5.919591282444653
5.273182944810426e-06,0.00014013570216764472,10000.000000000002,5.920859823330686
5.273182944810426e-06,0.00014238542241851895,10000.000000000002,6.32755741888807
5.273182944810426e-06,0.00018001982023817866,10000.000000000002,6.581192097166856
5.273182944810426e-06,0.00014058135923844943,10000.000000000002,6.163637653928677
5.273182944810426e-06,0.00018599025031529776,10000.000000000002,6.275917796221327
5.273182944810426e-06,0.00018558304414083805,10000.000000000002,6.389532268543137
5.273182944810426e-06,0.0001857186307935533,10000.000000000002,6.373009016490767
5.273182944810426e-06,0.000159984405221426,10000.000000000002,6.27185226904959
5.273182944810426e-06,0.0001461940426058723,10000.000000000002,6.530616218764282
5.273182944810426e-06,0.00017164933286755625,10000.000000000002,6.019883355349115
5.273182944810426e-06,0.00018943638752012997,10000.000000000002,6.155094438593707
5.273182944810426e-06,0.00015976769618668857,10000.000000000002,6.332354721888063
5.273182944810426e-06,0.00014284186717267533,10000.000000000002,6.200858944241651
5.273182944810426e-06,0.0001902777129101242,10000.000000000002,6.164433549333079
5.273182944810426e-06,0.00017758497041888438,10000.000000000002,5.8274358837051405
5.273182944810426e-06,0.00014830100270572024,10000.000000000002,6.355518549114423
5.273182944810426e-06,0.00017322717649777573,10000.000000000002,6.439553959311128
5.273182944810426e-06,0.0001641871142135293,10000.000000000002,6.4342813878130585
5.273182944810426e-06,0.00015804976898648192,10000.000000000002,5.888437972607601
5.273182944810426e-06,0.0001772050391860106,10000.000000000002,6.264015499251535
5.273182944810426e-06,0.00014040284165233382,10000.000000000002,5.954445978426646
5.273182944810426e-06,0.00017507494448562334,10000.000000000002,6.476057160162186
5.273182944810426e-06,0.00014525114398303377,10000.000000000002,6.623277300920233
5.273182944810426e-06,0.0001616238734893235,10000.000000000002,6.46310756286938
5.273182944810426e-06,0.00014487653654599999,10000.000000000002,6.032336675137927
5.273182944810426e-06,0.00015901267279102524,10000.000000000002,6.257968444652121
5.273182944810426e-06,0.00015709558692385002,10000.000000000002,6.686970346669832
5.273182944810426e-06,0.00016295366557644218,10000.000000000002,6.084013401886361
5.273182944810426e-06,0.00018735732915852452,10000.000000000002,6.387368210115761
5.273182944810426e-06,0.00016206532273943406,10000.000000000002,6.486910717698397
5.273182944810426e-06,0.00014129884517915533,10000.000000000002,6.031953716746491
5.273182944810426e-06,0.00016096507465957749,10000.000000000002,6.284769840406533
5.273182944810426e-06,0.0001754480437567825,10000.000000000002,6.302873168323305
5.273182944810426e-06,0.00016452594035753574,10000.000000000002,6.596081495299375
5.273182944810426e-06,0.0001724962497106096,10000.000000000002,6.222634887890156
5.273182944810426e-06,0.00016129396942244365,10000.000000000002,6.485383151809419
5.273182944810426e-06,0.00016151379306788432,10000.000000000002,6.105951120002349
5.273182944810426e-06,0.00014956749732644711,10000.000000000002,6.277425493849923
5.273182944810426e-06,0.00016938174677749905,10000.000000000002,6.388481415171423
5.273182944810426e-06,0.000191408227644086,10000.000000000002,6.398975400147504
5.273182944810426e-06,0.0001724962497106096,10000.000000000002,6.316145486464716
5.273182944810426e-06,0.00019456961342903545,10000.000000000002,6.1423506624217055
5.273182944810426e-06,0.000147433595534952,10000.000000000002,6.574350703921705
5.273182944810426e-06,0.00013995803251810597,10000.000000000002,6.3302430363168884
5.273182944810426e-06,0.0001436690186075003,10000.000000000002,6.344521788195917
5.273182944810426e-06,0.00017569743943040701,10000.000000000002,6.524808081592161
5.273182944810426e-06,0.000163624725575194,10000.000000000002,6.482754732806665
5.273182944810426e-06,0.00019355527559117405,10000.000000000002,6.280791703817744
5.273182944810426e-06,0.0001921199236650597,10000.000000000002,6.293053273428222
5.273182944810426e-06,0.0001925488482656434,10000.000000000002,6.442979660297844
5.273182944810426e-06,0.00017758497041888438,10000.000000000002,6.028840515020155
5.273182944810426e-06,0.00016577731862034276,10000.000000000002,6.503432761965287
5.273182944810426e-06,0.00015615002121713065,10000.000000000002,5.8505393168287725
5.273182944810426e-06,0.0001536698517569255,10000.000000000002,6.286367330984149
5.273182944810426e-06,0.0001941339233246026,10000.000000000002,6.231745805204735
5.273182944810426e-06,0.00016250858347260303,10000.000000000002,6.412127049864166
5.273182944810426e-06,0.0001788602699768553,10000.000000000002,6.248451789928549
5.273182944810426e-06,0.00016351259466651085,10000.000000000002,6.279178186209719
5.273182944810426e-06,0.00017834850701940597,10000.000000000002,6.507119951563061
5.273182944810426e-06,0.0001464787024651467,10000.000000000002,6.338582847570867
5.273182944810426e-06,0.00018423530658869382,10000.000000000002,6.561664252500099
5.273182944810426e-06,0.00016041914847389092,10000.000000000002,6.437154798995521
5.273182944810426e-06,0.00014562720597071938,10000.000000000002,6.435000416045849
5.273182944810426e-06,0.00018132148274987224,10000.000000000002,6.38366904348521
5.273182944810426e-06,0.00018901781606998035,10000.000000000002,6.404234229150028
5.273182944810426e-06,0.00016855763720381348,10000.000000000002,6.314437909766589
5.273182944810426e-06,0.00013951533383459676,10000.000000000002,6.157316104915438
5.273182944810426e-06,0.00014609934031295366,10000.000000000002,6.088209354069618
5.273182944810426e-06,0.00019529902914371296,10000.000000000002,6.232131354268196
5.273182944810426e-06,0.0001416596505736777,10000.000000000002,6.581344216271816
5.273182944810426e-06,0.00014058135923844943,10000.000000000002,6.0217867518864185
5.273182944810426e-06,0.00014525114398303377,10000.000000000002,6.600601214773981
5.273182944810426e-06,0.0001689100886985642,10000.000000000002,6.4815575034717465
5.273182944810426e-06,0.0001616238734893235,10000.000000000002,6.596172624640531
5.273182944810426e-06,0.00014293341956527644,10000.000000000002,6.032058964627191
5.273182944810426e-06,0.00017682632566667417,10000.000000000002,6.456397228709714
5.273182944810426e-06,0.00018626246624636595,10000.000000000002,6.486920746267181
5.273182944810426e-06,0.00018001982023817866,10000.000000000002,6.2477435588938794
5.273182944810426e-06,0.00015407909160109626,10000.000000000002,6.427874652667492
5.273182944810426e-06,0.00014657377380838295,10000.000000000002,6.563518472203198
5.273182944810426e-06,0.00017140850199237959,10000.000000000002,6.574257395262871
5.273182944810426e-06,0.00017976117001281507,10000.000000000002,6.3820529115715825
5.273182944810426e-06,0.00016914567106850252,10000.000000000002,6.448091009256034
5.273182944810426e-06,0.0001886006305962569,10000.000000000002,6.302631449991143
5.273182944810426e-06,0.00016623590675243362,10000.000000000002,6.209930155528342
5.273182944810426e-06,0.00016926364717103801,10000.000000000002,6.506127254027151
5.273182944810426e-06,0.00019041847865024594,10000.000000000002,6.367340528622438
5.273182944810426e-06,0.000147433595534952,10000.000000000002,6.459703209497107
5.273182944810426e-06,0.00017347185120841752,10000.000000000002,6.206133268019782
5.273182944810426e-06,0.00018558304414083805,10000.000000000002,6.242874261152636
5.273182944810426e-06,0.00015879793498674167,10000.000000000002,6.452889766818846
5.273182944810426e-06,0.000165548735751553,10000.000000000002,6.597135132961961
5.273182944810426e-06,0.00018708271002799626,10000.000000000002,6.424900148954192
5.273182944810426e-06,0.0001626196828575434,10000.000000000002,6.365235790553249
5.273182944810426e-06,0.00018171473506089163,10000.000000000002,6.526785570146677
5.273182944810426e-06,0.00016206532273943406,10000.000000000002,6.533168489884201
5.273182944810426e-06,0.00018818482499642134,10000.000000000002,6.334126179477732
5.273182944810426e-06,0.00015858363197879157,10000.000000000002,6.532855868769072
5.273182944810426e-06,0.0001784762416781786,10000.000000000002,6.522881235254053
5.273182944810426e-06,0.0001767003575283757,10000.000000000002,5.962171921321822
5.273182944810426e-06,0.0001485918394936418,10000.000000000002,6.464473668976517
5.273182944810426e-06,0.0001784762416781786,10000.000000000002,6.348412354901701
5.273182944810426e-06,0.00017657452392007985,10000.000000000002,6.276463310813134
5.273182944810426e-06,0.0001772050391860106,10000.000000000002,6.388737294829634
5.273182944810426e-06,0.0001536698517569255,10000.000000000002,6.357779526513195
5.273182944810426e-06,0.0001697367883185375,10000.000000000002,6.192629810921648
5.273182944810426e-06,0.00014609934031295366,10000.000000000002,6.221212749549063
5.273182944810426e-06,0.00015015751007444315,10000.000000000002,6.655575119784368
5.273182944810426e-06,0.00017937423852301725,10000.000000000002,6.438187146211366
5.273182944810426e-06,0.00016961831718106753,10000.000000000002,6.278360935869402
5.273182944810426e-06,0.00015104909491505316,10000.000000000002,6.360581438575484
5.273182944810426e-06,0.00018383384782550015,10000.000000000002,6.234062234513575
5.273182944810426e-06,0.0001416596505736777,10000.000000000002,6.353823945273749
5.273182944810426e-06,0.00018915718558709058,10000.000000000002,5.919136090307448
5.273182944810426e-06,0.00015235102203630895,10000.000000000002,6.340174203404299
5.273182944810426e-06,0.00014040284165233382,10000.000000000002,6.47795467295278
5.273182944810426e-06,0.00013898686244790548,10000.000000000002,6.402479727795709
5.273182944810426e-06,0.00018066889320356337,10000.000000000002,6.44286479551302
5.273182944810426e-06,0.00015469602332299058,10000.000000000002,6.230170149917665
5.273182944810426e-06,0.0001877703931979882,10000.000000000002,6.0577845294404105
5.273182944810426e-06,0.00015055279302423485,10000.000000000002,6.55528024981066
5.273182944810426e-06,0.0001453450228247738,10000.000000000002,6.226753571471979
5.273182944810426e-06,0.00015305904211312702,10000.000000000002,6.30199329430768
5.273182944810426e-06,0.00014591021150582324,10000.000000000002,6.408003090576933
5.273182944810426e-06,0.00015720117973941266,10000.000000000002,5.855529718651551
5.273182944810426e-06,0.00015773074445157216,10000.000000000002,6.578140282619488
5.273182944810426e-06,0.00014724187162652166,10000.000000000002,6.340717711793199
5.273182944810426e-06,0.00019041847865024594,10000.000000000002,6.338100396409577
5.273182944810426e-06,0.00018040884345141213,10000.000000000002,6.244927780990837
5.273182944810426e-06,0.00017347185120841752,10000.000000000002,6.3878222513487035
5.273182944810426e-06,0.00018901781606998035,10000.000000000002,6.161582755481913
5.273182944810426e-06,0.00018667191224081123,10000.000000000002,5.904825953350789
5.273182944810426e-06,0.00018224106468597818,10000.000000000002,6.451507015188445
5.273182944810426e-06,0.00014591021150582324,10000.000000000002,6.338651901428072
5.273182944810426e-06,0.00017164933286755625,10000.000000000002,6.549411425391172
5.273182944810426e-06,0.0001492737937551119,10000.000000000002,5.85084248914554
5.273182944810426e-06,0.00014431733646158636,10000.000000000002,6.598113909994962
5.273182944810426e-06,0.00015245186665755714,10000.000000000002,6.19732510409823
5.273182944810426e-06,0.0001744557511699987,10000.000000000002,6.3780345726841725
5.273182944810426e-06,0.000163624725575194,10000.000000000002,6.317019959658044
5.273182944810426e-06,0.00014525114398303377,10000.000000000002,6.359267721911939
5.273182944810426e-06,0.00014781816807850765,10000.000000000002,6.1414055234160685
5.273182944810426e-06,0.00019070047920530884,10000.000000000002,5.966808595117802
5.273182944810426e-06,0.0001675068790662822,10000.000000000002,6.321900404110948
5.273182944810426e-06,0.0001754480437567825,10000.000000000002,6.467265148332036
5.273182944810426e-06,0.00016762314396180186,10000.000000000002,6.434881375401522
5.273182944810426e-06,0.000159984405221426,10000.000000000002,6.645877681039279
5.273182944810426e-06,0.00016151379306788432,10000.000000000002,6.588786323119557
5.273182944810426e-06,0.0001441316557095275,10000.000000000002,6.3975903340940015
5.273182944810426e-06,0.00016938174677749905,10000.000000000002,6.449888076131355
5.273182944810426e-06,0.00017140850199237959,10000.000000000002,6.05932659614095
5.273182944810426e-06,0.0001573068790718668,10000.000000000002,5.606448427877
5.273182944810426e-06,0.00014102914560100484,10000.000000000002,6.427775228315092
5.273182944810426e-06,0.0001573068790718668,10000.000000000002,6.635434374888064
5.273182944810426e-06,0.00019126636308091908,10000.000000000002,6.334166415145468
5.273182944810426e-06,0.00016407440474757197,10000.000000000002,6.2730511619218845
5.273182944810426e-06,0.0001717699386671787,10000.000000000002,6.4107924544950325
5.273182944810426e-06,0.00018558304414083805,10000.000000000002,5.844003180846277
5.273182944810426e-06,0.00017507494448562334,10000.000000000002,6.506457884537306
5.273182944810426e-06,0.0001947151693743765,10000.000000000002,6.353544130115422
5.273182944810426e-06,0.00016855763720381348,10000.000000000002,6.419798710254622
5.273182944810426e-06,0.00014293341956527644,10000.000000000002,6.11211693508017
5.273182944810426e-06,0.00014609934031295366,10000.000000000002,6.195055561200819
5.273182944810426e-06,0.00014084977467388005,10000.000000000002,6.07169622374733
5.273182944810426e-06,0.0001847726340604735,10000.000000000002,6.479808042174538
5.273182944810426e-06,0.0001556283917515654,10000.000000000002,6.06375183782327
5.273182944810426e-06,0.00016396181130867834,10000.000000000002,6.172473701437022
5.273182944810426e-06,0.00017758497041888438,10000.000000000002,5.509265888306641
5.273182944810426e-06,0.0001487862060878071,10000.000000000002,6.337418911622633
5.273182944810426e-06,0.00017873212295926644,10000.000000000002,6.611482447812104
5.273182944810426e-06,0.00015174804992053512,10000.000000000002,6.568732346610149
5.273182944810426e-06,0.00019070047920530884,10000.000000000002,6.525341398215504
5.273182944810426e-06,0.000167274711732993,10000.000000000002,6.336095627667425
5.273182944810426e-06,0.00018558304414083805,10000.000000000002,6.576094139729745
5.273182944810426e-06,0.00018873953880076894,10000.000000000002,6.268874897971291
5.273182944810426e-06,0.00014459653105238025,10000.000000000002,6.329893530886636
5.273182944810426e-06,0.00015794331999443277,10000.000000000002,5.3691950031960625
5.273182944810426e-06,0.0001485918394936418,10000.000000000002,5.885682164729959
5.273182944810426e-06,0.00014515735605042407,10000.000000000002,6.479428240417199
5.273182944810426e-06,0.00015428432481717075,10000.000000000002,6.409900973239127
5.273182944810426e-06,0.00019529902914371296,10000.000000000002,6.56678717403493
5.273182944810426e-06,0.000183967521474452,10000.000000000002,5.0855176025709135
5.273182944810426e-06,0.00015773074445157216,10000.000000000002,6.52957911633888
5.273182944810426e-06,0.00017507494448562334,10000.000000000002,6.424859643689606
5.273182944810426e-06,0.00017092835820440913,10000.000000000002,6.303416460871087
5.273182944810426e-06,0.0001652067468134304,10000.000000000002,6.390741719304035
5.273182944810426e-06,0.00018680869434353048,10000.000000000002,6.583812854246588
5.273182944810426e-06,0.00019055940067181677,10000.000000000002,6.435025757716991
5.273182944810426e-06,0.00015438709522810413,10000.000000000002,6.477724313886219
5.273182944810426e-06,0.00016396181130867834,10000.000000000002,5.994811730478762
5.273182944810426e-06,0.0001802790290609808,10000.000000000002,6.408280825986297
5.273182944810426e-06,0.0001830348572717508,10000.000000000002,6.0459926958722745
5.273182944810426e-06,0.00014724187162652166,10000.000000000002,6.163282214225397
5.273182944810426e-06,0.00017334944911344207,10000.000000000002,5.983477582481045
5.273182944810426e-06,0.00016328867840980266,10000.000000000002,6.251951294078372
5.273182944810426e-06,0.00019355527559117405,10000.000000000002,5.972486236588239
5.273182944810426e-06,0.00015890524946571922,10000.000000000002,6.123606797654924
5.273182944810426e-06,0.0001398693243734452,10000.000000000002,6.49996879969631
5.273182944810426e-06,0.0001438538057670526,10000.000000000002,6.445184765087237
5.273182944810426e-06,0.00014330051095781476,10000.000000000002,6.476097537353751
5.273182944810426e-06,0.00017569743943040701,10000.000000000002,6.446858866988043
5.273182944810426e-06,0.0001457214496160657,10000.000000000002,6.165209358276628
5.273182944810426e-06,0.00018901781606998035,10000.000000000002,6.062564601413095
5.273182944810426e-06,0.00016855763720381348,10000.000000000002,6.360395380557556
5.273182944810426e-06,0.00017128827656384812,10000.000000000002,6.0673745461378985
5.273182944810426e-06,0.0001724962497106096,10000.000000000002,6.25489758926218
5.273182944810426e-06,0.00015987599561289643,10000.000000000002,6.674495215785722
5.273182944810426e-06,0.0001680894160179057,10000.000000000002,6.423020983491923
5.273182944810426e-06,0.00018901781606998035,10000.000000000002,6.4570519857696365
5.273182944810426e-06,0.00014676419429641963,10000.000000000002,6.220823115913388
5.273182944810426e-06,0.00018957622039069615,10000.000000000002,6.257020963573808
5.273182944810426e-06,0.00016658109755238513,10000.000000000002,6.4599304051576825
5.273182944810426e-06,0.0001388113724461132,10000.000000000002,6.485236215398588
5.273182944810426e-06,0.00016250858347260303,10000.000000000002,6.518641899848734
5.273182944810426e-06,0.00019041847865024594,10000.000000000002,5.798620676836592
5.273182944810426e-06,0.00015184829645788865,10000.000000000002,6.383425299000767
5.273182944810426e-06,0.00019112465618759976,10000.000000000002,6.46135379864941
5.273182944810426e-06,0.0001737170445656247,10000.000000000002,6.204437401569388
5.273182944810426e-06,0.0001877703931979882,10000.000000000002,6.279824040996029
5.273182944810426e-06,0.00017898855484327494,10000.000000000002,6.018423661753216
5.273182944810426e-06,0.00014839785338683148,10000.000000000002,6.518837903533466
5.273182944810426e-06,0.0001544899683575384,10000.000000000002,6.499745292605077
5.273182944810426e-06,0.0001886006305962569,10000.000000000002,6.4472548560324
5.273182944810426e-06,0.00016239759792304416,10000.000000000002,6.492812535899243
5.273182944810426e-06,0.00014031371034600617,10000.000000000002,6.533558638737602
5.273182944810426e-06,0.0001731050331795501,10000.000000000002,6.37812632507752
5.273182944810426e-06,0.00016832328229010523,10000.000000000002,6.653261760173416
5.273182944810426e-06,0.000142021840684537,10000.000000000002,6.290561625521216
5.273182944810426e-06,0.00015890524946571922,10000.000000000002,6.457762709563025
5.273182944810426e-06,0.00015255281142413665,10000.000000000002,6.475503368415255
5.273182944810426e-06,0.0001416596505736777,10000.000000000002,6.626205423905734
5.273182944810426e-06,0.00016063718509411485,10000.000000000002,6.666228709034458
5.273182944810426e-06,0.000155420471652993,10000.000000000002,6.350791025620395
5.273182944810426e-06,0.0001929792108658551,10000.000000000002,6.204842626168613
5.273182944810426e-06,0.0001398693243734452,10000.000000000002,6.547898707892294
5.273182944810426e-06,0.00017619782835820308,10000.000000000002,6.473859695120949
5.273182944810426e-06,0.00017334944911344207,10000.000000000002,6.294349653052324
5.273182944810426e-06,0.00015858363197879157,10000.000000000002,6.255277943687588
5.273182944810426e-06,0.00014138891708614668,10000.000000000002,6.249060042277536
5.273182944810426e-06,0.00017213251963983732,10000.000000000002,6.37692882065285
5.273182944810426e-06,0.00015336399084166894,10000.000000000002,6.4646289210317285
5.273182944810426e-06,0.00016475240749639977,10000.000000000002,6.176685105070172
5.273182944810426e-06,0.00015699010048152956,10000.000000000002,6.176890796529973
5.273182944810426e-06,0.0001556283917515654,10000.000000000002,6.266717868858464
5.273182944810426e-06,0.00015922784657097268,10000.000000000002,6.192916539339493
5.273182944810426e-06,0.00018999664935419417,10000.000000000002,6.210650077006652
5.273182944810426e-06,0.00016250858347260303,10000.000000000002,6.2316469985172205
5.273182944810426e-06,0.0001769524285272323,10000.000000000002,6.489545081784989
5.273182944810426e-06,0.00019442422059947145,10000.000000000002,6.147544265647743
5.273182944810426e-06,0.00015646425885682254,10000.000000000002,6.370731979383939
5.273182944810426e-06,0.00017286113370980252,10000.000000000002,6.414435878457482
5.273182944810426e-06,0.00017834850701940597,10000.000000000002,6.520162182654657
5.273182944810426e-06,0.00017068904248560641,10000.000000000002,6.549985344566049
5.273182944810426e-06,0.00015428432481717075,10000.000000000002,6.5577861933018795
5.273182944810426e-06,0.00018237300440332972,10000.000000000002,6.334432802436012
5.273182944810426e-06,0.0001457214496160657,10000.000000000002,6.271289639399011
5.273182944810426e-06,0.00015933559732135986,10000.000000000002,6.3724951182467695
5.273182944810426e-06,0.00015490249081797174,10000.000000000002,6.497792412421646
5.273182944810426e-06,0.00014220345716468044,10000.000000000002,6.2799053741217135
5.273182944810426e-06,0.0001586907292067904,10000.000000000002,6.057311056298168
5.273182944810426e-06,0.00018694562686565026,10000.000000000002,6.624221968612643
5.273182944810426e-06,0.00016914567106850252,10000.000000000002,6.609095144484812
5.273182944810426e-06,0.00016096507465957749,10000.000000000002,6.282823722248277
5.273182944810426e-06,0.00014724187162652166,10000.000000000002,6.41091786262169
5.273182944810426e-06,0.00017261774925667219,10000.000000000002,6.443511763671291
5.273182944810426e-06,0.00014543899269212437,10000.000000000002,6.369519710403457
5.273182944810426e-06,0.00016669640005813135,10000.000000000002,6.63003611884699
5.273182944810426e-06,0.0001679726657068898,10000.000000000002,6.365513206226228
5.273182944810426e-06,0.00017201153187571756,10000.000000000002,6.369761861273231
5.273182944810426e-06,0.0001421126053822842,10000.000000000002,6.327036925528126
5.273182944810426e-06,0.00017056957305910798,10000.000000000002,6.209692434948966
5.273182944810426e-06,0.00015709558692385002,10000.000000000002,6.497246980656007
5.273182944810426e-06,0.0001833006076596746,10000.000000000002,6.259575216357806
5.273182944810426e-06,0.00018490733327050513,10000.000000000002,6.573022426318711
5.273182944810426e-06,0.00015531666783256368,10000.000000000002,6.567760837674129
5.273182944810426e-06,0.000151248302877685,10000.000000000002,6.58393630073688
5.273182944810426e-06,0.0001854476059367886,10000.000000000002,6.082669405589297
5.273182944810426e-06,0.00015094963845190373,10000.000000000002,6.659467225729505
5.273182944810426e-06,0.00014907847157408574,10000.000000000002,6.120285165843052
5.273182944810426e-06,0.00019269214237338452,10000.000000000002,6.490755622502989
5.273182944810426e-06,0.0001453450228247738,10000.000000000002,6.34429441959101
5.273182944810426e-06,0.00016031029663793892,10000.000000000002,6.404317816205623
5.273182944810426e-06,0.0001845036768801363,10000.000000000002,6.3365589450519595
5.273182944810426e-06,0.00013863621460498697,10000.000000000002,6.521256794725631
5.273182944810426e-06,0.000179245538917235,10000.000000000002,6.535117805484624
5.273182944810426e-06,0.00014724187162652166,10000.000000000002,6.411505608044594
5.273182944810426e-06,0.00016151379306788432,10000.000000000002,6.498889738469238
5.273182944810426e-06,0.00017758497041888438,10000.000000000002,5.8925819644324084
5.273182944810426e-06,0.00015104909491505316,10000.000000000002,6.332075066530081
5.273182944810426e-06,0.00013863621460498697,10000.000000000002,6.103506311331246
5.273182944810426e-06,0.00014685954368080136,10000.000000000002,6.280908862096956
5.273182944810426e-06,0.00016509298595475448,10000.000000000002,6.420746122804445
5.273182944810426e-06,0.0001724962497106096,10000.000000000002,6.127267962578301
5.273182944810426e-06,0.0001737170445656247,10000.000000000002,6.511915422992513
5.273182944810426e-06,0.00017298301897726787,10000.000000000002,6.151960848285912
5.273182944810426e-06,0.00016284222375405585,10000.000000000002,5.927561682515048
5.273182944810426e-06,0.00015783697853121196,10000.000000000002,6.455190177123495
5.273182944810426e-06,0.00013933884229785475,10000.000000000002,6.649867458814408
5.273182944810426e-06,0.00015305904211312702,10000.000000000002,6.494667157717471
5.273182944810426e-06,0.00014628883698299716,10000.000000000002,6.226575565427078
5.273182944810426e-06,0.0001449700524478166,10000.000000000002,6.5183767306684395
5.273182944810426e-06,0.00017068904248560641,10000.000000000002,6.5105866120471445
5.273182944810426e-06,0.00018423530658869382,10000.000000000002,6.540831464627825
5.273182944810426e-06,0.00016173406651384567,10000.000000000002,6.462377743010818
5.273182944810426e-06,0.00014076021751005343,10000.000000000002,6.604967761846685
5.273182944810426e-06,0.00016762314396180186,10000.000000000002,6.403871244253901
5.273182944810426e-06,0.0001704502290228133,10000.000000000002,6.337097609112694
5.273182944810426e-06,0.00015912020511019015,10000.000000000002,6.173625735875465
5.273182944810426e-06,0.0001492737937551119,10000.000000000002,6.091073245930968
5.273182944810426e-06,0.00017213251963983732,10000.000000000002,6.395579461437235
5.273182944810426e-06,0.00014076021751005343,10000.000000000002,5.9296517755870966
5.273182944810426e-06,0.00014762569402735934,10000.000000000002,6.228635053778467
5.273182944810426e-06,0.00015085028016085532,10000.000000000002,6.633638177898993
5.273182944810426e-06,0.0001516479026012794,10000.000000000002,6.452014612256898
5.273182944810426e-06,0.00018929670932809608,10000.000000000002,6.63348325862299
5.273182944810426e-06,0.00013889907587445207,10000.000000000002,6.0641070918587925
5.273182944810426e-06,0.00015035495675484023,10000.000000000002,5.818683174662409
5.273182944810426e-06,0.000159984405221426,10000.000000000002,6.333488720378498
5.273182944810426e-06,0.00015890524946571922,10000.000000000002,6.31654330536044
5.273182944810426e-06,0.00015573250830992912,10000.000000000002,6.297179099944332
5.273182944810426e-06,0.00017707866630267807,10000.000000000002,6.410275698264767
5.273182944810426e-06,0.00017898855484327494,10000.000000000002,6.261297802646647
5.273182944810426e-06,0.00014013570216764472,10000.000000000002,6.532375596427343
5.273182944810426e-06,0.00014058135923844943,10000.000000000002,6.447503775005675
5.273182944810426e-06,0.0001397807005394906,10000.000000000002,6.488339755563992
5.273182944810426e-06,0.000147433595534952,10000.000000000002,6.157129686699341
5.273182944810426e-06,0.00014839785338683148,10000.000000000002,6.390685110090569
5.273182944810426e-06,0.00016509298595475448,10000.000000000002,6.273649201449782
5.273182944810426e-06,0.00018119068229047145,10000.000000000002,6.040591889138048
5.273182944810426e-06,0.00015656921557967823,10000.000000000002,6.300855936677928
5.273182944810426e-06,0.0001841013409911718,10000.000000000002,6.217565783555997
5.273182944810426e-06,0.00014284186717267533,10000.000000000002,6.511217172820352
5.273182944810426e-06,0.0001621759677109536,10000.000000000002,6.440287108098073
5.273182944810426e-06,0.0001888786005500035,10000.000000000002,6.47686726924764
5.273182944810426e-06,0.0001950067715776881,10000.000000000002,6.474634143546611
5.273182944810426e-06,0.0001784762416781786,10000.000000000002,6.600278785955214
5.273182944810426e-06,0.0001434845873037715,10000.000000000002,6.246020375670545
5.273182944810426e-06,0.0001877703931979882,10000.000000000002,6.223668292826941
5.273182944810426e-06,0.00018014935472399448,10000.000000000002,6.218780768493064
5.273182944810426e-06,0.00014525114398303377,10000.000000000002,6.503051458425958
5.273182944810426e-06,0.00014403894968413288,10000.000000000002,6.535722952521685
5.273182944810426e-06,0.0001437613676490276,10000.000000000002,6.648316455918822
5.273182944810426e-06,0.0001562546618174856,10000.000000000002,6.483225185678055
5.273182944810426e-06,0.00018818482499642134,10000.000000000002,6.042643113212847
5.273182944810426e-06,0.00016052811124237393,10000.000000000002,6.42451274376158
5.273182944810426e-06,0.00014320860561435869,10000.000000000002,6.076542097386211
5.273182944810426e-06,0.00016239759792304416,10000.000000000002,6.4473389465689905
5.273182944810426e-06,0.00014581578475522642,10000.000000000002,6.630555886300698
5.273182944810426e-06,0.00014111895958218278,10000.000000000002,6.134093166689776
5.273182944810426e-06,0.00017033101020338736,10000.000000000002,6.193154499124857
5.273182944810426e-06,0.00017056957305910798,10000.000000000002,6.372321463278325
5.273182944810426e-06,0.00014031371034600617,10000.000000000002,6.473547920380279
5.273182944810426e-06,0.00014022466388699748,10000.000000000002,6.0393841158280495
5.273182944810426e-06,0.00017976117001281507,10000.000000000002,6.258505356022999
5.273182944810426e-06,0.00016497934255571109,10000.000000000002,6.349035957477386
5.273182944810426e-06,0.00018626246624636595,10000.000000000002,6.567578890940201
5.273182944810426e-06,0.00018145242489427154,10000.000000000002,6.310537549889209
5.273182944810426e-06,0.00016509298595475448,10000.000000000002,6.229419015214631
5.273182944810426e-06,0.00016773952989664276,10000.000000000002,6.281630014178866
5.273182944810426e-06,0.00014431733646158636,10000.000000000002,5.854256482112987
5.273182944810426e-06,0.00016206532273943406,10000.000000000002,6.1126102737960615
5.273182944810426e-06,0.00018804652871802017,10000.000000000002,6.220156232508616
5.273182944810426e-06,0.0001929792108658551,10000.000000000002,6.396656878573452
5.273182944810426e-06,0.00016239759792304416,10000.000000000002,6.497088481091143
5.273182944810426e-06,0.0001575185978631877,10000.000000000002,6.159430242597102
5.273182944810426e-06,0.00015815632565283503,10000.000000000002,6.586660226212837
5.273182944810426e-06,0.00017164933286755625,10000.000000000002,6.370854052309612
5.273182944810426e-06,0.0001457214496160657,10000.000000000002,6.668241299546211
5.273182944810426e-06,0.00014058135923844943,10000.000000000002,6.626779112017811
5.273182944810426e-06,0.0001723748783785686,10000.000000000002,6.257452591576126
5.273182944810426e-06,0.00016855763720381348,10000.000000000002,6.43535533941815
5.273182944810426e-06,0.00019169243071112652,10000.000000000002,5.979300788750319
5.273182944810426e-06,0.00019183476968150993,10000.000000000002,6.351646088747122
5.273182944810426e-06,0.0001759473671256156,10000.000000000002,6.438388261323482
5.273182944810426e-06,0.00018490733327050513,10000.000000000002,6.335030205504367
5.273182944810426e-06,0.0001902777129101242,10000.000000000002,6.361202037211224
5.273182944810426e-06,0.0001874948655702132,10000.000000000002,6.35273850503536
5.273182944810426e-06,0.00017164933286755625,10000.000000000002,6.115113622613217
5.273182944810426e-06,0.00018490733327050513,10000.000000000002,6.189618728813909
5.273182944810426e-06,0.000155420471652993,10000.000000000002,6.330504392554068
5.273182944810426e-06,0.0001502561847802217,10000.000000000002,6.415592915013725
5.273182944810426e-06,0.00017860411359231498,10000.000000000002,6.326770924325135
5.273182944810426e-06,0.00016228672605403039,10000.000000000002,6.349615034004031
5.273182944810426e-06,0.00015531666783256368,10000.000000000002,6.355550861311427
5.273182944810426e-06,0.00014487653654599999,10000.000000000002,6.539275396898411
5.273182944810426e-06,0.00015184829645788865,10000.000000000002,6.642675389168423
5.273182944810426e-06,0.0001449700524478166,10000.000000000002,6.323340341192036
5.273182944810426e-06,0.00013942704617705103,10000.000000000002,6.4521924673067454
5.273182944810426e-06,0.00016452594035753574,10000.000000000002,6.131329681785246
5.273182944810426e-06,0.0001901371032213503,10000.000000000002,6.124319609425826
5.273182944810426e-06,0.0001556283917515654,10000.000000000002,6.2461564648075765
5.273182944810426e-06,0.0001767003575283757,10000.000000000002,6.091895384100166
5.273182944810426e-06,0.00017950307677411383,10000.000000000002,6.2595226798981445
5.273182944810426e-06,0.0001902777129101242,10000.000000000002,6.560796610333657
5.273182944810426e-06,0.0001883232739191755,10000.000000000002,6.261288695889789
5.273182944810426e-06,0.0001950067715776881,10000.000000000002,6.41783200183413
5.273182944810426e-06,0.0001450636589106929,10000.000000000002,6.270491898560607
5.273182944810426e-06,0.00018971620816766972,10000.000000000002,6.316677863099461
5.273182944810426e-06,0.0001857186307935533,10000.000000000002,6.470920745413901
5.273182944810426e-06,0.00015045382612665107,10000.000000000002,6.254190486562985
5.273182944810426e-06,0.0001902777129101242,10000.000000000002,6.57738137725536
5.273182944810426e-06,0.000141840572109261,10000.000000000002,6.137157454701603
5.273182944810426e-06,0.00016052811124237393,10000.000000000002,6.239832752196785
5.273182944810426e-06,0.00016612108151545463,10000.000000000002,6.548285363945529
5.273182944810426e-06,0.00015194864234511693,10000.000000000002,6.338848030477781
5.273182944810426e-06,0.0001550058796101735,10000.000000000002,6.582218965833597
5.273182944810426e-06,0.00019169243071112652,10000.000000000002,6.450764257352727
5.273182944810426e-06,0.00018158350892928305,10000.000000000002,6.373471023335838
5.273182944810426e-06,0.00018915718558709058,10000.000000000002,5.8342384950645885
5.273182944810426e-06,0.00015005893250938054,10000.000000000002,6.224876261273428
5.273182944810426e-06,0.00017976117001281507,10000.000000000002,6.130129475314535
5.273182944810426e-06,0.00015085028016085532,10000.000000000002,6.627639682848029
5.273182944810426e-06,0.0001586907292067904,10000.000000000002,6.314571913499859
5.273182944810426e-06,0.00019183476968150993,10000.000000000002,6.322421070128678
5.273182944810426e-06,0.00015184829645788865,10000.000000000002,6.471382106333262
5.273182944810426e-06,0.00014229439614044337,10000.000000000002,6.324364191503212
5.273182944810426e-06,0.00019055940067181677,10000.000000000002,6.40706419577047
5.273182944810426e-06,0.00016762314396180186,10000.000000000002,6.413673347588919
5.273182944810426e-06,0.0001560454857074494,10000.000000000002,6.308407162756621
5.273182944810426e-06,0.00017152885403484794,10000.000000000002,6.3170120347216105
5.273182944810426e-06,0.00016681182228870837,10000.000000000002,6.04307957447381
5.273182944810426e-06,0.00015933559732135986,10000.000000000002,6.042036504597466
5.273182944810426e-06,0.00015510937195057934,10000.000000000002,6.348852901019738
5.273182944810426e-06,0.00014076021751005343,10000.000000000002,6.419674062293881
5.273182944810426e-06,0.0001754480437567825,10000.000000000002,6.391464017861528
5.273182944810426e-06,0.00017347185120841752,10000.000000000002,6.180843204118414
5.273182944810426e-06,0.0001438538057670526,10000.000000000002,6.281696395820509
5.273182944810426e-06,0.00014525114398303377,10000.000000000002,6.144767765429436
5.273182944810426e-06,0.00017068904248560641,10000.000000000002,6.609708049242993
5.273182944810426e-06,0.00016985538364065807,10000.000000000002,6.492957836063356
5.273182944810426e-06,0.00015245186665755714,10000.000000000002,6.604234446809732
5.273182944810426e-06,0.00015783697853121196,10000.000000000002,6.279633480977223
5.273182944810426e-06,0.0001416596505736777,10000.000000000002,6.443727676664359
5.273182944810426e-06,0.00018276968443186684,10000.000000000002,6.158433332335523
5.273182944810426e-06,0.00014004682508045506,10000.000000000002,6.339291991466138
5.273182944810426e-06,0.00016577731862034276,10000.000000000002,6.41478115324949
5.273182944810426e-06,0.0001450636589106929,10000.000000000002,6.3134580741814785
5.273182944810426e-06,0.00016635085106247768,10000.000000000002,6.37242133249927
5.273182944810426e-06,0.00016475240749639977,10000.000000000002,6.568534161335908
5.273182944810426e-06,0.00015901267279102524,10000.000000000002,6.161827983152104
5.273182944810426e-06,0.00017092835820440913,10000.000000000002,6.567140487126565
5.273182944810426e-06,0.0001560454857074494,10000.000000000002,6.236383961849297
5.273182944810426e-06,0.00015847664315589964,10000.000000000002,6.494652798730691
5.273182944810426e-06,0.00018612628362041302,10000.000000000002,6.479915059179262
5.273182944810426e-06,0.0001947151693743765,10000.000000000002,6.3607328571456065
5.273182944810426e-06,0.00016762314396180186,10000.000000000002,6.405112744613959
5.273182944810426e-06,0.00014525114398303377,10000.000000000002,6.298437980225104
5.273182944810426e-06,0.00014265902615950534,10000.000000000002,6.07944734338901
5.273182944810426e-06,0.00019055940067181677,10000.000000000002,6.043439814138932
5.273182944810426e-06,0.00017261774925667219,10000.000000000002,6.491209855459658
5.273182944810426e-06,0.00014004682508045506,10000.000000000002,6.032981119842397
5.273182944810426e-06,0.0001915502501097987,10000.000000000002,6.3334009925424075
5.273182944810426e-06,0.00015479920543511955,10000.000000000002,6.543207984307279
5.273182944810426e-06,0.0001631768927482235,10000.000000000002,6.365502824858661
5.273182944810426e-06,0.0001708086374760144,10000.000000000002,6.2440890053308085
5.273182944810426e-06,0.0001680894160179057,10000.000000000002,6.466102500295938
5.273182944810426e-06,0.00014898095416600906,10000.000000000002,6.187431864752589
5.273182944810426e-06,0.00014801101866681373,10000.000000000002,6.326638447654231
5.273182944810426e-06,0.00015265385646942274,10000.000000000002,6.294284473291151
5.273182944810426e-06,0.0001777118856711748,10000.000000000002,6.649133650114964
5.273182944810426e-06,0.0001847726340604735,10000.000000000002,6.657365976491033
5.273182944810426e-06,0.00015815632565283503,10000.000000000002,6.37254322540217
5.273182944810426e-06,0.00016762314396180186,10000.000000000002,6.370778690238956
5.273182944810426e-06,0.00014256773731853323,10000.000000000002,6.498783430796216
5.273182944810426e-06,0.00014004682508045506,10000.000000000002,6.529136629398936
5.273182944810426e-06,0.0001527550019270189,10000.000000000002,6.433229254609554
5.273182944810426e-06,0.00017569743943040701,10000.000000000002,6.438520703673067
5.273182944810426e-06,0.0001777118856711748,10000.000000000002,6.069831175580509
5.273182944810426e-06,0.00016635085106247768,10000.000000000002,6.377122153551042
5.273182944810426e-06,0.00014791454624422218,10000.000000000002,6.080532412011756
5.273182944810426e-06,0.00014275040274085686,10000.000000000002,6.379195273973975
5.273182944810426e-06,0.00014515735605042407,10000.000000000002,6.521978748364237
5.273182944810426e-06,0.00018531231596428949,10000.000000000002,6.202810061338257
5.273182944810426e-06,0.00015720117973941266,10000.000000000002,6.570187993755297
5.273182944810426e-06,0.000175572675185402,10000.000000000002,6.200327518812867
5.273182944810426e-06,0.0001616238734893235,10000.000000000002,6.39015144279079
5.273182944810426e-06,0.00015005893250938054,10000.000000000002,6.335045654495578
5.273182944810426e-06,0.00018599025031529776,10000.000000000002,6.414251423608087
5.273182944810426e-06,0.00018971620816766972,10000.000000000002,6.520918150852848
5.273182944810426e-06,0.00015154785436857275,10000.000000000002,6.1976180546159885
5.273182944810426e-06,0.00017213251963983732,10000.000000000002,6.240309671204679
5.273182944810426e-06,0.00015646425885682254,10000.000000000002,6.250369527161798
5.273182944810426e-06,0.00017359438296494156,10000.000000000002,6.502204075457307
5.273182944810426e-06,0.0001802790290609808,10000.000000000002,6.433324543430935
5.273182944810426e-06,0.00016250858347260303,10000.000000000002,6.348650070092146
5.273182944810426e-06,0.00014628883698299716,10000.000000000002,6.522734150764304
5.273182944810426e-06,0.00019283559649465223,10000.000000000002,6.50451630197105
5.273182944810426e-06,0.00014937159877951493,10000.000000000002,6.191041736323417
5.273182944810426e-06,0.00014422445126409847,10000.000000000002,6.260923135060264
5.273182944810426e-06,0.00016118422589310723,10000.000000000002,6.626504744272326
5.273182944810426e-06,0.0001556283917515654,10000.000000000002,6.581486108330449
5.273182944810426e-06,0.00015826299013919613,10000.000000000002,6.661275608194629
5.273182944810426e-06,0.0001835669372806188,10000.000000000002,6.376093583970777
5.273182944810426e-06,0.00018517717400659632,10000.000000000002,6.256257828680022
5.273182944810426e-06,0.00015214963269744746,10000.000000000002,6.498908147497785
5.273182944810426e-06,0.00016658109755238513,10000.000000000002,6.3321250287874555
5.273182944810426e-06,0.000183433699960476,10000.000000000002,6.563539439285148
5.273182944810426e-06,0.00015987599561289643,10000.000000000002,6.422648185094021
5.273182944810426e-06,0.00015015751007444315,10000.000000000002,6.463989194521566
5.273182944810426e-06,0.00017822090941891678,10000.000000000002,6.327746649753619
5.273182944810426e-06,0.00017733154737059988,10000.000000000002,6.172994051720229
5.273182944810426e-06,0.00018250508746097852,10000.000000000002,6.018283209658731
5.273182944810426e-06,0.00018957622039069615,10000.000000000002,6.477178249802342
5.273182944810426e-06,0.00015134805463775346,10000.000000000002,6.504366123776649
5.273182944810426e-06,0.00018626246624636595,10000.000000000002,6.493346616924359
5.273182944810426e-06,0.0001556283917515654,10000.000000000002,6.165513452634838
5.273182944810426e-06,0.00017783893700191257,10000.000000000002,6.214229878060051
5.273182944810426e-06,0.00018612628362041302,10000.000000000002,6.3591887799543
5.273182944810426e-06,0.00014450337624141604,10000.000000000002,6.251117150249055
5.273182944810426e-06,0.00017383983619344837,10000.000000000002,6.370675065432042
5.273182944810426e-06,0.00018517717400659632,10000.000000000002,6.575641516414722
5.273182944810426e-06,0.0001398693243734452,10000.000000000002,6.632861154425984
5.273182944810426e-06,0.00014868897516759805,10000.000000000002,6.324816345288892
5.273182944810426e-06,0.00015035495675484023,10000.000000000002,6.412724203771183
5.273182944810426e-06,0.0001529575946146967,10000.000000000002,6.60683397918863
5.273182944810426e-06,0.00016949997005751032,10000.000000000002,6.059030718220873
5.273182944810426e-06,0.00017507494448562334,10000.000000000002,6.333898038831506
5.273182944810426e-06,0.00017519917859488336,10000.000000000002,6.558164790725095
5.273182944810426e-06,0.00017201153187571756,10000.000000000002,6.550199376804587
5.273182944810426e-06,0.00017976117001281507,10000.000000000002,6.496809645091687
5.273182944810426e-06,0.0001573068790718668,10000.000000000002,6.367194855844688
5.273182944810426e-06,0.00018957622039069615,10000.000000000002,6.464915277363583
5.273182944810426e-06,0.0001833006076596746,10000.000000000002,6.486093999287404
5.273182944810426e-06,0.00016384933373881573,10000.000000000002,6.244594823760169
5.273182944810426e-06,0.0001774581910501871,10000.000000000002,6.2589868873098276
5.273182944810426e-06,0.00014293341956527644,10000.000000000002,6.4275140300724285
5.273182944810426e-06,0.00016096507465957749,10000.000000000002,6.255161820252555
5.273182944810426e-06,0.0001767003575283757,10000.000000000002,6.523345019802847
5.273182944810426e-06,0.00019442422059947145,10000.000000000002,6.399619286875189
5.273182944810426e-06,0.00014013570216764472,10000.000000000002,6.348232016920345
5.273182944810426e-06,0.0001784762416781786,10000.000000000002,6.425982628047414
5.273182944810426e-06,0.00016129396942244365,10000.000000000002,6.6045455570382305
5.273182944810426e-06,0.00017104820484523843,10000.000000000002,6.221417401362651
5.273182944810426e-06,0.00014810758546915503,10000.000000000002,6.488851524354444
5.273182944810426e-06,0.00015377200873604242,10000.000000000002,5.892874677731589
5.273182944810426e-06,0.00019226273914696196,10000.000000000002,6.321849652474421
5.273182944810426e-06,0.0001424765361080814,10000.000000000002,6.1199202874796725
5.273182944810426e-06,0.00015531666783256368,10000.000000000002,6.158778973046809
5.273182944810426e-06,0.00014431733646158636,10000.000000000002,6.366306877291091
5.273182944810426e-06,0.00015773074445157216,10000.000000000002,6.48203157018637
5.273182944810426e-06,0.00016997410331853795,10000.000000000002,6.443497110854524
5.273182944810426e-06,0.00019486088867672643,10000.000000000002,6.1938916931443675
5.273182944810426e-06,0.00016820628815700605,10000.000000000002,6.053642966130091
5.273182944810426e-06,0.00014907847157408574,10000.000000000002,6.177729719077778
5.273182944810426e-06,0.00017261774925667219,10000.000000000002,6.498944874881449
5.273182944810426e-06,0.0001550058796101735,10000.000000000002,6.3979914711059
5.273182944810426e-06,0.00019283559649465223,10000.000000000002,6.497898491593075
5.273182944810426e-06,0.00014049205791381376,10000.000000000002,6.623596274404645
5.273182944810426e-06,0.00018092950560606532,10000.000000000002,6.497848621753638
5.273182944810426e-06,0.00019041847865024594,10000.000000000002,5.770629324026093
5.273182944810426e-06,0.00014293341956527644,10000.000000000002,6.301351590841408
5.273182944810426e-06,0.00013925072209104727,10000.000000000002,6.613345017034604
5.273182944810426e-06,0.00016497934255571109,10000.000000000002,6.152126953253561
5.273182944810426e-06,0.000156674277960955,10000.000000000002,6.573790690389157
5.273182944810426e-06,0.000151248302877685,10000.000000000002,6.615045518733428
5.273182944810426e-06,0.00013916268545083834,10000.000000000002,6.270890088918025
5.273182944810426e-06,0.00016239759792304416,10000.000000000002,6.408488911715676
5.273182944810426e-06,0.00014956749732644711,10000.000000000002,6.170465702215643
5.273182944810426e-06,0.00016577731862034276,10000.000000000002,6.332303153387464
5.273182944810426e-06,0.00015583672939487226,10000.000000000002,6.607801872735379
5.273182944810426e-06,0.00014478311108967606,10000.000000000002,6.398826911789731
5.273182944810426e-06,0.00017092835820440913,10000.000000000002,6.260781896644729
5.273182944810426e-06,0.00018873953880076894,10000.000000000002,6.385665931948992
5.273182944810426e-06,0.00016085566665141902,10000.000000000002,6.465276069526966
5.273182944810426e-06,0.00015521296797827233,10000.000000000002,6.308625795759397
5.273182944810426e-06,0.00015720117973941266,10000.000000000002,6.226714154741611
5.273182944810426e-06,0.00014441031141595984,10000.000000000002,6.154454370142649
5.273182944810426e-06,0.0001487862060878071,10000.000000000002,6.081604697978956
5.273182944810426e-06,0.00014762569402735934,10000.000000000002,5.8368141850028294
5.273182944810426e-06,0.00015762461761049433,10000.000000000002,5.922537253733093
5.273182944810426e-06,0.00015377200873604242,10000.000000000002,5.871102169598615
5.273182944810426e-06,0.00015901267279102524,10000.000000000002,6.43871083943721
5.273182944810426e-06,0.00014868897516759805,10000.000000000002,6.5005761222597025
5.273182944810426e-06,0.00018818482499642134,10000.000000000002,6.370076077263562
5.273182944810426e-06,0.0001586907292067904,10000.000000000002,6.643002506914408
5.273182944810426e-06,0.0001908417144815654,10000.000000000002,6.664283928129761
5.273182944810426e-06,0.0001631768927482235,10000.000000000002,6.650926184810007
5.273182944810426e-06,0.000183967521474452,10000.000000000002,6.169481616007475
5.273182944810426e-06,0.00015479920543511955,10000.000000000002,6.575502360075185
5.273182944810426e-06,0.00016475240749639977,10000.000000000002,6.114546788751172
5.273182944810426e-06,0.000155420471652993,10000.000000000002,6.2963047649856
5.273182944810426e-06,0.00019226273914696196,10000.000000000002,6.438348848023592
5.273182944810426e-06,0.0001675068790662822,10000.000000000002,6.313336871763507
5.273182944810426e-06,0.00014093941733457892,10000.000000000002,5.853848435800995
5.273182944810426e-06,0.00018873953880076894,10000.000000000002,6.153442277710206
5.273182944810426e-06,0.00014013570216764472,10000.000000000002,6.2291700780677335
5.273182944810426e-06,0.00014111895958218278,10000.000000000002,6.1955622225015565
5.273182944810426e-06,0.0001438538057670526,10000.000000000002,6.6805129322203065
5.273182944810426e-06,0.0001532622400917539,10000.000000000002,6.456129639584267
5.273182944810426e-06,0.0001796320538705733,10000.000000000002,6.4155437571840075
5.273182944810426e-06,0.00015428432481717075,10000.000000000002,6.458179063742974
5.273182944810426e-06,0.00014628883698299716,10000.000000000002,6.084749976424954
5.273182944810426e-06,0.0001722536350812779,10000.000000000002,5.669511871232956
5.273182944810426e-06,0.00014302506002920442,10000.000000000002,6.56502002105945
5.273182944810426e-06,0.00016250858347260303,10000.000000000002,6.426335294122403
5.273182944810426e-06,0.00015656921557967823,10000.000000000002,6.462561561599156
5.273182944810426e-06,0.0001494694999278608,10000.000000000002,6.384859711701942
5.273182944810426e-06,0.000155420471652993,10000.000000000002,5.995766338894683
5.273182944810426e-06,0.00017937423852301725,10000.000000000002,6.360858783961719
5.273182944810426e-06,0.0001857186307935533,10000.000000000002,6.518722250499642
5.273182944810426e-06,0.00016306522185583877,10000.000000000002,6.458375657232555
5.273182944810426e-06,0.0001434845873037715,10000.000000000002,6.467619761059746
5.273182944810426e-06,0.00017298301897726787,10000.000000000002,6.203899240875186
5.273182944810426e-06,0.000191408227644086,10000.000000000002,6.498403241938199
5.273182944810426e-06,0.00014487653654599999,10000.000000000002,6.604367823848378
5.273182944810426e-06,0.00017092835820440913,10000.000000000002,6.598950908707851
5.273182944810426e-06,0.0001722536350812779,10000.000000000002,6.133382481685272
5.273182944810426e-06,0.00017056957305910798,10000.000000000002,6.237549787696857
5.273182944810426e-06,0.00017783893700191257,10000.000000000002,6.469127686124311
5.273182944810426e-06,0.0001737170445656247,10000.000000000002,5.846012522069457
5.273182944810426e-06,0.00018383384782550015,10000.000000000002,6.364582578095662
5.273182944810426e-06,0.00017532354495600148,10000.000000000002,6.435310076689447
5.273182944810426e-06,0.0001461940426058723,10000.000000000002,6.387496727780265
5.273182944810426e-06,0.00016669640005813135,10000.000000000002,6.434908926448671
5.273182944810426e-06,0.00016623590675243362,10000.000000000002,6.627085957772795
5.273182944810426e-06,0.00014562720597071938,10000.000000000002,5.732695030922649
5.273182944810426e-06,0.00017519917859488336,10000.000000000002,6.061613745658475
5.273182944810426e-06,0.00016151379306788432,10000.000000000002,6.339228952198733
5.273182944810426e-06,0.0001877703931979882,10000.000000000002,6.244011430304076
5.273182944810426e-06,0.00019456961342903545,10000.000000000002,6.104306855145831
5.273182944810426e-06,0.0001924057139353914,10000.000000000002,6.6179495074414
5.273182944810426e-06,0.00017937423852301725,10000.000000000002,6.226020634953701
5.273182944810426e-06,0.00015316059056056438,10000.000000000002,6.571149485957331
5.273182944810426e-06,0.00016985538364065807,10000.000000000002,6.209598955316734
5.273182944810426e-06,0.0001562546618174856,10000.000000000002,6.491691690029153
5.273182944810426e-06,0.00014238542241851895,10000.000000000002,6.332773279137264
5.273182944810426e-06,0.00017033101020338736,10000.000000000002,5.922069143639677
5.273182944810426e-06,0.0001616238734893235,10000.000000000002,6.248131926199052
5.273182944810426e-06,0.00018383384782550015,10000.000000000002,6.329748227799703
5.273182944810426e-06,0.0001925488482656434,10000.000000000002,6.512147728980491
5.273182944810426e-06,0.0001767003575283757,10000.000000000002,6.618337879947786
5.273182944810426e-06,0.00015944345750956726,10000.000000000002,6.3437688682647035
5.273182944810426e-06,0.00015194864234511693,10000.000000000002,6.605347728451369
5.273182944810426e-06,0.00014022466388699748,10000.000000000002,5.920616223915211
5.273182944810426e-06,0.00018517717400659632,10000.000000000002,6.593863121804023
5.273182944810426e-06,0.00018639879841212707,10000.000000000002,6.494695825512116
5.273182944810426e-06,0.0001737170445656247,10000.000000000002,6.51008328073862
5.273182944810426e-06,0.000176323259526323,10000.000000000002,6.368752283899772
5.273182944810426e-06,0.00016085566665141902,10000.000000000002,6.318773047457766
5.273182944810426e-06,0.00014801101866681373,10000.000000000002,6.38833298749352
5.273182944810426e-06,0.0001680894160179057,10000.000000000002,6.4290980952422085
5.273182944810426e-06,0.00015646425885682254,10000.000000000002,6.513752963192593
5.273182944810426e-06,0.00018943638752012997,10000.000000000002,6.2711974695936235
5.273182944810426e-06,0.00018599025031529776,10000.000000000002,6.456619129854351
5.273182944810426e-06,0.00014031371034600617,10000.000000000002,5.796829052667878
5.273182944810426e-06,0.0001532622400917539,10000.000000000002,6.369104658062067
5.273182944810426e-06,0.00017396275803176512,10000.000000000002,6.265089137626928
5.273182944810426e-06,0.00014441031141595984,10000.000000000002,6.400061140022668
5.273182944810426e-06,0.0001424765361080814,10000.000000000002,6.434686425038679
5.273182944810426e-06,0.000176323259526323,10000.000000000002,6.474796434667189
5.273182944810426e-06,0.0001438538057670526,10000.000000000002,5.750561855574107
5.273182944810426e-06,0.0001857186307935533,10000.000000000002,6.312632723484001
5.273182944810426e-06,0.0001634005789970108,10000.000000000002,6.378939757956316
5.273182944810426e-06,0.0001798904254016297,10000.000000000002,6.323731886802353
5.273182944810426e-06,0.00014422445126409847,10000.000000000002,6.4806094123315345
5.273182944810426e-06,0.0001754480437567825,10000.000000000002,6.125270097898936
5.273182944810426e-06,0.00015773074445157216,10000.000000000002,6.279882557736775
5.273182944810426e-06,0.00018210926810071298,10000.000000000002,6.289297179617491
5.273182944810426e-06,0.00017164933286755625,10000.000000000002,6.197756829353459
5.273182944810426e-06,0.00016577731862034276,10000.000000000002,6.651780221087114
5.273182944810426e-06,0.00014431733646158636,10000.000000000002,6.262579956422529
5.273182944810426e-06,0.00014772188404702546,10000.000000000002,6.093585959749798
5.273182944810426e-06,0.000193844275627336,10000.000000000002,6.363485509268331
5.273182944810426e-06,0.0001784762416781786,10000.000000000002,6.270798358810749
5.273182944810426e-06,0.00014487653654599999,10000.000000000002,6.240133856465025
5.273182944810426e-06,0.00018901781606998035,10000.000000000002,5.977551016087345
5.273182944810426e-06,0.00017033101020338736,10000.000000000002,5.908324808760986
5.273182944810426e-06,0.00015305904211312702,10000.000000000002,6.44292624374188
5.273182944810426e-06,0.00015459294434318674,10000.000000000002,6.488238923320695
5.273182944810426e-06,0.00017976117001281507,10000.000000000002,6.5395277461473125
5.273182944810426e-06,0.00016961831718106753,10000.000000000002,6.465159222533205
5.273182944810426e-06,0.00018915718558709058,10000.000000000002,6.458289314193713
5.273182944810426e-06,0.00017152885403484794,10000.000000000002,6.275687727492272
5.273182944810426e-06,0.0001631768927482235,10000.000000000002,6.469037199868392
5.273182944810426e-06,0.00017261774925667219,10000.000000000002,6.0014600718010644
5.273182944810426e-06,0.00018971620816766972,10000.000000000002,6.383148616706597
5.273182944810426e-06,0.0001516479026012794,10000.000000000002,6.3835416268495395
5.273182944810426e-06,0.00018721994405176512,10000.000000000002,6.552426526405803
5.273182944810426e-06,0.0001909831067318006,10000.000000000002,6.264827249576248
5.273182944810426e-06,0.00016832328229010523,10000.000000000002,6.476254855621528
5.273182944810426e-06,0.0001421126053822842,10000.000000000002,5.910699310294781
5.273182944810426e-06,0.0001437613676490276,10000.000000000002,6.393392430640937
5.273182944810426e-06,0.00014868897516759805,10000.000000000002,6.305603297419758
5.273182944810426e-06,0.00013863621460498697,10000.000000000002,6.59570464651692
5.273182944810426e-06,0.00015490249081797174,10000.000000000002,6.493733917421247
5.273182944810426e-06,0.00015646425885682254,10000.000000000002,6.395075887795026
5.273182944810426e-06,0.0001947151693743765,10000.000000000002,6.070956363552524
5.273182944810426e-06,0.0001767003575283757,10000.000000000002,6.454495857824999
5.273182944810426e-06,0.00014762569402735934,10000.000000000002,6.43227733062072
5.273182944810426e-06,0.00017396275803176512,10000.000000000002,6.178879761604827
5.273182944810426e-06,0.00018119068229047145,10000.000000000002,6.455440181119503
5.273182944810426e-06,0.00017201153187571756,10000.000000000002,6.44670002062054
5.273182944810426e-06,0.00014004682508045506,10000.000000000002,6.31583124499061
5.273182944810426e-06,0.00016384933373881573,10000.000000000002,6.233700264618253
5.273182944810426e-06,0.00015646425885682254,10000.000000000002,6.558069724381701
5.273182944810426e-06,0.00014049205791381376,10000.000000000002,6.1521185647945344
5.273182944810426e-06,0.00015225027742724523,10000.000000000002,6.554257774617229
5.273182944810426e-06,0.00017347185120841752,10000.000000000002,6.521527965903849
5.273182944810426e-06,0.00018915718558709058,10000.000000000002,5.9849564403683555
5.273182944810426e-06,0.0001438538057670526,10000.000000000002,6.22684418163571
5.273182944810426e-06,0.00014357675852987175,10000.000000000002,6.526449156635225
5.273182944810426e-06,0.0001550058796101735,10000.000000000002,6.097007694214713
5.273182944810426e-06,0.0001652067468134304,10000.000000000002,5.848544024571587
5.273182944810426e-06,0.00017152885403484794,10000.000000000002,6.07380296071268
5.273182944810426e-06,0.0001898563510792967,10000.000000000002,6.356593025073778
5.273182944810426e-06,0.000151248302877685,10000.000000000002,5.989445304722211
5.273182944810426e-06,0.0001874948655702132,10000.000000000002,6.467562936383931
5.273182944810426e-06,0.0001626196828575434,10000.000000000002,6.005057023129577
5.273182944810426e-06,0.00019041847865024594,10000.000000000002,5.8373748929650535
5.273182944810426e-06,0.0001610745943561841,10000.000000000002,6.711879996164242
5.273182944810426e-06,0.00016475240749639977,10000.000000000002,6.394158837400738
5.273182944810426e-06,0.0001573068790718668,10000.000000000002,6.542895797558863
5.273182944810426e-06,0.00014666893771224843,10000.000000000002,6.322183397166185
5.273182944810426e-06,0.00014403894968413288,10000.000000000002,6.336092618728196
5.273182944810426e-06,0.0001802790290609808,10000.000000000002,6.4862576951200825
5.273182944810426e-06,0.00014685954368080136,10000.000000000002,6.577649016947122
5.273182944810426e-06,0.0001877703931979882,10000.000000000002,6.467349134050537
5.273182944810426e-06,0.0001416596505736777,10000.000000000002,6.4521549509662455
5.273182944810426e-06,0.0001396921609094303,10000.000000000002,5.791039674462153
5.273182944810426e-06,0.00018158350892928305,10000.000000000002,5.872881385516237
5.273182944810426e-06,0.00016949997005751032,10000.000000000002,6.437335904303486
5.273182944810426e-06,0.00015490249081797174,10000.000000000002,6.610579737105915
5.273182944810426e-06,0.0001595514272840384,10000.000000000002,6.508373117175494
5.273182944810426e-06,0.00016577731862034276,10000.000000000002,6.25424891672685
5.273182944810426e-06,0.000155420471652993,10000.000000000002,6.434699609823893
5.273182944810426e-06,0.00014357675852987175,10000.000000000002,6.087382453700425
5.273182944810426e-06,0.00014265902615950534,10000.000000000002,6.361410318729957
5.273182944810426e-06,0.00017937423852301725,10000.000000000002,6.39616211104739
5.273182944810426e-06,0.0001717699386671787,10000.000000000002,5.912184198131469
5.273182944810426e-06,0.00015804976898648192,10000.000000000002,6.46111727517499
5.273182944810426e-06,0.00014917608472858244,10000.000000000002,6.592348009154561
5.273182944810426e-06,0.0001621759677109536,10000.000000000002,6.416410863020381
5.273182944810426e-06,0.00014868897516759805,10000.000000000002,6.42141173104316
5.273182944810426e-06,0.0001416596505736777,10000.000000000002,6.500638069360317
5.273182944810426e-06,0.00017582233668071527,10000.000000000002,6.474943100942462
5.273182944810426e-06,0.00018158350892928305,10000.000000000002,6.213883345825738
5.273182944810426e-06,0.00014638372356309143,10000.000000000002,6.223933652171395
5.273182944810426e-06,0.0001833006076596746,10000.000000000002,6.152672890341162
5.273182944810426e-06,0.0001843694184804232,10000.000000000002,6.313544416570906
5.273182944810426e-06,0.00015235102203630895,10000.000000000002,6.446892125640268
5.273182944810426e-06,0.0001388113724461132,10000.000000000002,5.902161908751927
5.273182944810426e-06,0.0001754480437567825,10000.000000000002,6.390935586822466
5.273182944810426e-06,0.00014917608472858244,10000.000000000002,6.298393599086998
5.273182944810426e-06,0.00015709558692385002,10000.000000000002,6.5440125724004945
5.273182944810426e-06,0.00014284186717267533,10000.000000000002,6.23347139254844
5.273182944810426e-06,0.0001704502290228133,10000.000000000002,6.477410163844068
5.273182944810426e-06,0.00019427899064482373,10000.000000000002,6.545021530515542
5.273182944810426e-06,0.00018040884345141213,10000.000000000002,6.248743654001657
5.273182944810426e-06,0.0001671588089656877,10000.000000000002,6.087363521906521
5.273182944810426e-06,0.00015944345750956726,10000.000000000002,6.557063822769401
5.273182944810426e-06,0.000159984405221426,10000.000000000002,6.620999614653089
5.273182944810426e-06,0.00016228672605403039,10000.000000000002,6.299411362039219
5.273182944810426e-06,0.00013995803251810597,10000.000000000002,6.131519542851326
5.273182944810426e-06,0.0001641871142135293,10000.000000000002,6.438073044489324
5.273182944810426e-06,0.00015356779653871063,10000.000000000002,6.480201365506156
5.273182944810426e-06,0.00015615002121713065,10000.000000000002,6.465851549382166
5.273182944810426e-06,0.00018171473506089163,10000.000000000002,6.501702138274897
5.273182944810426e-06,0.0001888786005500035,10000.000000000002,6.044982727485076
5.273182944810426e-06,0.00017140850199237959,10000.000000000002,6.285263244568798
5.273182944810426e-06,0.0001769524285272323,10000.000000000002,6.327263346244719
5.273182944810426e-06,0.0001559410551470759,10000.000000000002,6.34443228641521
5.273182944810426e-06,0.00016926364717103801,10000.000000000002,6.452034867051392
5.273182944810426e-06,0.00018263731406750657,10000.000000000002,5.974472735736642
5.273182944810426e-06,0.00016328867840980266,10000.000000000002,6.165245693891033
5.273182944810426e-06,0.00015944345750956726,10000.000000000002,6.6171481636561555
5.273182944810426e-06,0.00018943638752012997,10000.000000000002,6.2475150952562615
5.273182944810426e-06,0.00014084977467388005,10000.000000000002,6.311146677163566
5.273182944810426e-06,0.0001528562479307568,10000.000000000002,6.3596361870081335
5.273182944810426e-06,0.00016739073504497325,10000.000000000002,6.332864704752841
5.273182944810426e-06,0.00017092835820440913,10000.000000000002,6.5572653885553
5.273182944810426e-06,0.00013907473227160768,10000.000000000002,6.211463883295481
5.273182944810426e-06,0.00015762461761049433,10000.000000000002,5.893210540840206
5.273182944810426e-06,0.00015336399084166894,10000.000000000002,5.997916151299532
5.273182944810426e-06,0.00016228672605403039,10000.000000000002,6.536563000957061
5.273182944810426e-06,0.000193411017848725,10000.000000000002,6.3273534531148865
5.273182944810426e-06,0.00014839785338683148,10000.000000000002,6.378519877690692
5.273182944810426e-06,0.00014403894968413288,10000.000000000002,6.29542491891891
5.273182944810426e-06,0.0001947151693743765,10000.000000000002,6.366499479343985
5.273182944810426e-06,0.0001506518575764006,10000.000000000002,6.322332780448584
5.273182944810426e-06,0.00016384933373881573,10000.000000000002,6.492354851509023
5.273182944810426e-06,0.0001924057139353914,10000.000000000002,6.456007472690157
5.273182944810426e-06,0.00014302506002920442,10000.000000000002,6.515660468054733
5.273182944810426e-06,0.00018263731406750657,10000.000000000002,6.290894852098804
5.273182944810426e-06,0.0001438538057670526,10000.000000000002,6.360303797407575
5.273182944810426e-06,0.00014937159877951493,10000.000000000002,6.539403944067221
5.273182944810426e-06,0.00016009292516186248,10000.000000000002,6.403730560585689
5.273182944810426e-06,0.00018694562686565026,10000.000000000002,5.522768206620409
5.273182944810426e-06,0.0001932669213055554,10000.000000000002,6.554439091978509
5.273182944810426e-06,0.00018585436611242065,10000.000000000002,6.181923467029479
5.273182944810426e-06,0.00014357675852987175,10000.000000000002,6.484086158428029
5.273182944810426e-06,0.0001791169777570897,10000.000000000002,6.176800946659174
5.273182944810426e-06,0.00014676419429641963,10000.000000000002,6.500863779000847
5.273182944810426e-06,0.00014628883698299716,10000.000000000002,6.43911579309772
5.273182944810426e-06,0.00015635940765010867,10000.000000000002,6.413606918836871
5.273182944810426e-06,0.00016497934255571109,10000.000000000002,6.549111410861528
5.273182944810426e-06,0.00013916268545083834,10000.000000000002,6.3366630588239214
5.273182944810426e-06,0.00017322717649777573,10000.000000000002,6.268343884959283
5.273182944810426e-06,0.0001947151693743765,10000.000000000002,6.43273266181545
5.273182944810426e-06,0.00017950307677411383,10000.000000000002,6.053163383890304
5.273182944810426e-06,0.00016009292516186248,10000.000000000002,5.831834621213245
5.273182944810426e-06,0.00015336399084166894,10000.000000000002,6.5542637137721975
5.273182944810426e-06,0.0001450636589106929,10000.000000000002,6.071196419354608
5.273182944810426e-06,0.0001461940426058723,10000.000000000002,6.193674639516434
5.273182944810426e-06,0.00015490249081797174,10000.000000000002,6.5360825683507375
5.273182944810426e-06,0.00018599025031529776,10000.000000000002,6.480405739777062
5.273182944810426e-06,0.00017261774925667219,10000.000000000002,6.296554999242569
5.273182944810426e-06,0.0001704502290228133,10000.000000000002,6.400338195415556
5.273182944810426e-06,0.00015356779653871063,10000.000000000002,6.415995404832692
5.273182944810426e-06,0.0001759473671256156,10000.000000000002,6.3551614962197505
5.273182944810426e-06,0.00014302506002920442,10000.000000000002,6.492855681032328
5.273182944810426e-06,0.00014628883698299716,10000.000000000002,6.564170071206963
5.273182944810426e-06,0.00016855763720381348,10000.000000000002,6.1296719566900455
5.273182944810426e-06,0.0001559410551470759,10000.000000000002,6.38348882644225
