Time (hours),CrackSize,FEM_Approx,PressureDrop,FlowRate,SpectralEntropy,GrowthRate
0.0,0.005,0.8428100811323762,10000.000000000002,0.00013863621460498697,0.7533601109832154,3.061608159927315e-06
2.004008016032064,0.005003061608159927,0.8428895839262164,10000.000000000002,0.00013872110455816618,0.9073992339573194,3.061608159927315e-06
4.008016032064128,0.005006406562198383,0.8429764445489454,10000.000000000002,0.00013881385091135,0.8983777818386056,3.344954038455618e-06
6.012024048096192,0.00500967013493374,0.8430611918898223,10000.000000000002,0.0001389043407853736,0.8018879912718615,3.2635727353572813e-06
8.016032064128256,0.005012548529852285,0.8431359370648563,10000.000000000002,0.00013898415074050264,0.677828481538859,2.878394918544476e-06
10.020040080160319,0.005015482394040029,0.8432121226469065,10000.000000000002,0.00013906549870553342,0.17572596849554395,2.933864187744037e-06
12.024048096192384,0.005018209231585129,0.8432829322318889,10000.000000000002,0.00013914110639255253,0.2454658426851524,2.7268375450998847e-06
14.028056112224448,0.00502091741436469,0.8433532573962985,10000.000000000002,0.00013921619683435587,0.9086987696743714,2.708182779561155e-06
16.03206412825651,0.0050237822317230636,0.8434276499938926,10000.000000000002,0.0001392956303211758,0.6457861536936309,2.8648173583736836e-06
18.036072144288575,0.005026869213382701,0.843507811678097,10000.000000000002,0.00013938122381154525,0.10827734645496669,3.086981659637493e-06
20.040080160320638,0.00503013412944415,0.8435925939020068,10000.000000000002,0.00013947175093229771,0.1913243885794289,3.264916061449137e-06
22.0440881763527,0.005033422990386059,0.8436779979183848,10000.000000000002,0.0001395629419785674,0.6971515921972502,3.288860941908639e-06
24.04809619238477,0.0050365522431302856,0.8437592572836601,10000.000000000002,0.00013964970752956777,0.10455542546159682,3.1292527442267418e-06
26.052104208416832,0.0050396355635157365,0.8438393238931485,10000.000000000002,0.00013973519950289843,0.2447272462757488,3.083320385450887e-06
28.056112224448896,0.005042699898254068,0.8439188974898444,10000.000000000002,0.00013982016505657935,0.5938604104299275,3.0643347383313424e-06
30.06012024048096,0.005045752326264074,0.8439981618966903,10000.000000000002,0.00013990480046951166,0.7227056779234239,3.0524280100058254e-06
32.06412825651302,0.0050487993713689665,0.8440772865220967,10000.000000000002,0.00013998928662932626,0.6867651335523405,3.0470451048928565e-06
34.06813627254509,0.0050518470022963705,0.8441564263599418,10000.000000000002,0.00014007378903238394,0.3018423785145038,3.0476309274040173e-06
36.07214428857715,0.005054900632678328,0.8442357219895715,10000.000000000002,0.00014015845778377541,0.7409612992127823,3.053630381957828e-06
38.07615230460922,0.005057965121051294,0.8443152995757988,10000.000000000002,0.00014024342759732123,0.3135241787471201,3.0644883729658706e-06
40.080160320641276,0.005061044770856139,0.8443952708689053,10000.000000000002,0.00014032881779557174,0.39285972834334093,3.0796498048449306e-06
42.08416833667334,0.00506414333043815,0.8444757332046392,10000.000000000002,0.00014041473230980739,0.7718422646062217,3.0985595820109263e-06
44.0881763527054,0.005067263993047027,0.8445567695042171,10000.000000000002,0.00014050125968003818,0.6846696091424932,3.120662608877174e-06
46.09218436873747,0.005070409396836886,0.844638448274323,10000.000000000002,0.00014058847305500422,0.8643010694447602,3.145403789858725e-06
48.09619238476954,0.005073581624866257,0.8447208236071083,10000.000000000002,0.00014067643019217537,0.691851603070309,3.17222802937063e-06
50.1002004008016,0.005076782205098085,0.8448039351801928,10000.000000000002,0.00014076517345775142,0.6114777430019245,3.2005802318288076e-06
52.104208416833664,0.005080012110399732,0.8448878082566631,10000.000000000002,0.000140854729826662,0.18430729104528323,3.229905301646574e-06
54.108216432865724,0.0050832717585429735,0.8449724536850742,10000.000000000002,0.00014094511088256662,0.4309442227534902,3.259648143241582e-06
56.11222444889779,0.005086561012203999,0.8450578678994477,10000.000000000002,0.00014103631281785466,0.3386821309135529,3.289253661025414e-06
58.11623246492985,0.005089879178963415,0.8451440329192741,10000.000000000002,0.00014112831643364537,0.3195906790411752,3.318166759415722e-06
60.12024048096192,0.0050932250113062405,0.8452309163495109,10000.000000000002,0.00014122108713978784,0.975709499277201,3.3458323428258233e-06
62.12424849699398,0.005096596502204721,0.8453184660723473,10000.000000000002,0.00014131456928693592,0.4537879522000844,3.3714908984801284e-06
64.12825651302605,0.0050999867736997205,0.8454065034832925,10000.000000000002,0.00014140857216824593,0.902841899659402,3.3902714949999094e-06
66.1322645290581,0.005103391033985892,0.8454949041503836,10000.000000000002,0.00014150296292016686,0.6680247633975366,3.404260286171343e-06
68.13627254509018,0.005106806370887551,0.8455835924512385,10000.000000000002,0.00014159766079609623,0.8153301731874836,3.4153369016590163e-06
70.14028056112224,0.005110230042510848,0.8456724971852949,10000.000000000002,0.0001416925897708771,0.5523733837946729,3.423671623296702e-06
72.1442885771543,0.005113659477243772,0.8457615515738115,10000.000000000002,0.00014178767854079862,0.6192134961637232,3.429434732924244e-06
74.14829659318636,0.0051170922737561455,0.8458506932598673,10000.000000000002,0.00014188286052359554,0.5432659244369775,3.43279651237368e-06
76.15230460921843,0.005120526200999629,0.845939864308362,10000.000000000002,0.00014197807385844864,0.27571868901824004,3.433927243483119e-06
78.1563126252505,0.005123959198207717,0.8460290112060154,10000.000000000002,0.0001420732614059844,0.7502069037353548,3.4329972080880677e-06
80.16032064128255,0.005127389374895742,0.8461180848613683,10000.000000000002,0.00014216837074827518,0.35269512619677024,3.430176688024901e-06
82.16432865731463,0.00513081501086087,0.8462070406047819,10000.000000000002,0.00014226335418883923,0.12188436978830847,3.4256359651282584e-06
84.16833667334669,0.005134234556182104,0.8462958381884371,10000.000000000002,0.00014235816875264048,0.680925066316451,3.4195453212345142e-06
86.17234468937875,0.005137646631220285,0.8463844417863364,10000.000000000002,0.00014245277618608876,0.25939961146634405,3.4120750381809103e-06
88.1763527054108,0.005141050026618087,0.8464728199943019,10000.000000000002,0.00014254714295703982,0.9464127259176228,3.4033953978020864e-06
90.18036072144288,0.005144443703300022,0.8465609458299773,10000.000000000002,0.00014264124025479514,0.9585357193023286,3.393676681934417e-06
92.18436873747494,0.005147826792472435,0.8466487967328254,10000.000000000002,0.00014273504399010207,0.9233779511984037,3.3830891724134088e-06
94.188376753507,0.005151198595623511,0.8467363545641305,10000.000000000002,0.00014282853479515373,0.43314283022989997,3.3718031510754365e-06
96.19238476953907,0.005154558584523267,0.8468236056069971,10000.000000000002,0.00014292169802358908,0.11391095487598069,3.359988899756007e-06
98.19639278557113,0.005157906401223559,0.8469105405663501,10000.000000000002,0.00014301452375049307,0.9354867063289528,3.3478167002923623e-06
100.2004008016032,0.005161241858058078,0.8469971545689345,10000.000000000002,0.00014310700677239627,0.4853657334855829,3.335456834519142e-06
102.20440881763525,0.005164564937642351,0.8470834471633171,10000.000000000002,0.00014319914660727522,0.9699893371393026,3.32307958427272e-06
104.20841683366733,0.0051678757928737395,0.8471694223198838,10000.000000000002,0.00014329094749455218,0.9672579793803275,3.310855231388604e-06
106.21242484969939,0.005171174746931442,0.8472550884308416,10000.000000000002,0.0001433824183950953,0.8677085099206241,3.298954057702301e-06
108.21643286573145,0.005174462293276494,0.8473404583102178,10000.000000000002,0.0001434735729912186,0.36500400286262713,3.28754634505192e-06
110.22044088176351,0.005177739095651766,0.8474255491938605,10000.000000000002,0.00014356442968668188,0.4465879557417327,3.2768023752721004e-06
112.22444889779558,0.005181005988081963,0.8475103827394379,10000.000000000002,0.00014365501160669073,0.8660230043651712,3.266892430197482e-06
114.22845691382764,0.0051842639748736295,0.8475949850264393,10000.000000000002,0.00014374534659789668,0.38522980464064993,3.2579867916661745e-06
116.2324649298597,0.005187514230615142,0.8476793865561736,10000.000000000002,0.00014383546722839696,0.2525434720174833,3.250255741512817e-06
118.23647294589178,0.005190758100176716,0.8477636222517709,10000.000000000002,0.0001439254107877347,0.6011211362125152,3.243869561573784e-06
120.24048096192384,0.005193997098710401,0.8478477314581815,10000.000000000002,0.00014401521928689896,0.9425392967447028,3.2389985336845825e-06
122.2444889779559,0.005197232911650082,0.8479317579421763,10000.000000000002,0.0001441049394583244,0.7264268170074757,3.235812939681587e-06
124.24849699398796,0.005200467394711483,0.8480157498923467,10000.000000000002,0.00014419462275589174,0.6130550530804285,3.234483061401172e-06
126.25250501002003,0.005203702573892162,0.8480997599191045,10000.000000000002,0.00014428432535492736,0.1874588443936917,3.2351791806788446e-06
128.2565130260521,0.0052069406454715115,0.8481838450546819,10000.000000000002,0.00014437410815220357,0.6535065040292528,3.2380715793492443e-06
130.26052104208415,0.005210183976010763,0.8482680667531317,10000.000000000002,0.00014446403676593848,0.9910484650938369,3.2433305392513476e-06
132.2645290581162,0.00521343510235298,0.8483524908903277,10000.000000000002,0.000144554181535796,0.22607561371287163,3.251126342217192e-06
134.26853707414827,0.005216696731623067,0.848437187763963,10000.000000000002,0.0001446446175228859,0.5664966871273631,3.2616292700866217e-06
136.27254509018036,0.00521997174122776,0.8485222320935524,10000.000000000002,0.00014473542450976385,0.8896357647351599,3.275009604693409e-06
138.27655310621242,0.005223263178855632,0.8486077030204302,10000.000000000002,0.00014482668700043118,0.766691755978784,3.291437627872193e-06
140.28056112224448,0.005226574262477095,0.8486936841077523,10000.000000000002,0.00014491849422033519,0.7273141668957411,3.311083621462818e-06
142.28456913827654,0.005229908380344393,0.848780263340494,10000.000000000002,0.00014501094011636903,0.7322356755883983,3.334117867298189e-06
144.2885771543086,0.005233270970964905,0.8488675819439554,10000.000000000002,0.00014510417548334784,0.42354203609777963,3.362590620511509e-06
146.29258517034066,0.005236727168596249,0.8489573313022671,10000.000000000002,0.00014520000631465508,0.3642326598380441,3.456197631344221e-06
148.29659318637272,0.005240300190453459,0.8490501143121305,10000.000000000002,0.000145299076359652,0.8284250399306623,3.5730218572102568e-06
150.3006012024048,0.005243980103890738,0.8491456730459954,10000.000000000002,0.00014540111021345563,0.8291020552112627,3.6799134372784287e-06
152.30460921843687,0.005247757282957685,0.8492437575404734,10000.000000000002,0.00014550584097500097,0.8803650867220933,3.7771790669469812e-06
154.30861723446893,0.005251622408399305,0.8493441257963376,10000.000000000002,0.0001456130102470409,0.9219164973008241,3.8651254416202305e-06
156.312625250501,0.005255566467656002,0.8494465437785217,10000.000000000002,0.00014572236813614617,0.560208158974844,3.944059256697288e-06
158.31663326653305,0.005259580754863584,0.8495507854161213,10000.000000000002,0.00014583367325270543,0.5513646652184797,4.014287207581603e-06
160.3206412825651,0.005263656870853257,0.8496566326023933,10000.000000000002,0.00014594669271092526,0.8184656610700977,4.076115989673154e-06
162.32464929859717,0.005267786723151631,0.8497638751947554,10000.000000000002,0.00014606120212883012,0.6849675376999886,4.1298522983736555e-06
164.32865731462925,0.005271962525980714,0.849872311014787,10000.000000000002,0.00014617698562826228,0.731770189531933,4.175802829083086e-06
166.3326653306613,0.005276176800257918,0.849981745848229,10000.000000000002,0.00014629383583488202,0.816213402492491,4.214274277204028e-06
168.33667334669337,0.005280422373596056,0.8500919934449832,10000.000000000002,0.0001464115538781675,0.9010048076358097,4.2455733381381935e-06
170.34068136272543,0.0052846923803033415,0.8502028755191129,10000.000000000002,0.0001465299493914147,0.4041956411663823,4.270006707285563e-06
172.3446893787575,0.005288980261383391,0.8503142217488426,10000.000000000002,0.00014664884051173758,0.43802465737594964,4.287881080049585e-06
174.34869739478955,0.005293279764535219,0.8504258697765583,10000.000000000002,0.0001467680538800679,0.1845837458567821,4.299503151827637e-06
176.3527054108216,0.005297584944153244,0.8505376652088075,10000.000000000002,0.0001468874246411554,0.6204521268965566,4.305179618024901e-06
178.3567134268537,0.005301890161327285,0.8506494616162983,10000.000000000002,0.00014700679644356768,0.13234804641706788,4.305217174041358e-06
180.36072144288576,0.005306190083842562,0.8507611205339007,10000.000000000002,0.00014712602143969022,0.5190382163192142,4.2999225152769854e-06
182.36472945891782,0.005310479686179697,0.850872511460646,10000.000000000002,0.00014724496028572647,0.588380171236819,4.289602337135233e-06
184.36873747494988,0.005314754249514713,0.8509835118597266,10000.000000000002,0.00014736348214169762,0.357887126915456,4.2745633350160794e-06
186.37274549098194,0.005319009361719034,0.851094007158496,10000.000000000002,0.00014748146467144293,0.6317499345121097,4.2551122043203715e-06
188.376753507014,0.005323240917359484,0.8512038907484699,10000.000000000002,0.00014759879404261942,0.1274502249451445,4.2315556404506904e-06
190.38076152304606,0.005327445117698292,0.8513130639853241,10000.000000000002,0.0001477153649267021,0.13361336987429298,4.204200338807883e-06
192.38476953907815,0.005331618470693085,0.8514214361888967,10000.000000000002,0.0001478310804989838,0.8403405045936925,4.173352994792795e-06
194.3887775551102,0.005335757790996891,0.8515289246431864,10000.000000000002,0.00014794585243857523,0.42417157727013666,4.139320303806274e-06
196.39278557114227,0.005339860199958143,0.8516354545963538,10000.000000000002,0.00014805960092840515,0.2143544613866963,4.1024089612517675e-06
198.39679358717433,0.005343923125620671,0.8517409592607206,10000.000000000002,0.00014817225465522002,0.5700189340493239,4.062925662528388e-06
200.4008016032064,0.005347944302723709,0.8518453798127695,10000.000000000002,0.00014828375080958432,0.7929941977887498,4.02117710303785e-06
202.40480961923845,0.005351921772701892,0.851948665393145,10000.000000000002,0.00014839403508588037,0.29423892474715885,3.9774699781827336e-06
204.4088176352705,0.005355853883685254,0.8520507731066527,10000.000000000002,0.00014850306168230835,0.6606014282371002,3.932110983362151e-06
206.41282565130257,0.005359739290499234,0.8521516680222592,10000.000000000002,0.00014861079330088646,0.1768127184943912,3.885406813979551e-06
208.41683366733466,0.005363576954664668,0.8522513231730933,10000.000000000002,0.00014871720114745064,0.14651354905174693,3.837664165434046e-06
210.42084168336672,0.005367366144397798,0.8523497195564442,10000.000000000002,0.0001488222649316549,0.5782191684113333,3.789189733129951e-06
212.42484969939878,0.005371106434610262,0.8524468461337623,10000.000000000002,0.00014892597286697096,0.5865716094490959,3.7402902124646434e-06
214.42885771543084,0.005374797706909105,0.8525426998306606,10000.000000000002,0.00014902832167068848,0.6736869113483859,3.6912722988424393e-06
216.4328657314629,0.005378440149596769,0.852637285536912,10000.000000000002,0.0001491293165639152,0.7534822003503954,3.6424426876641852e-06
218.43687374749496,0.005382034257671099,0.8527306161064513,10000.000000000002,0.00014922897127157643,0.9782668715162811,3.5941080743298603e-06
220.44088176352702,0.005385580832825341,0.8528227123573747,10000.000000000002,0.0001493273080224157,0.5646703134710758,3.546575154242046e-06
222.4448897795591,0.0053890809834481425,0.8529136030719398,10000.000000000002,0.00014942435754899418,0.39066082564712135,3.5001506228015886e-06
224.44889779559117,0.005392536124623551,0.853003324996565,10000.000000000002,0.00014952015908769106,0.8156675752918333,3.4551411754084674e-06
226.45290581162322,0.005395947978131018,0.8530919228418303,10000.000000000002,0.00014961476037870348,0.3437490261358668,3.4118535074669984e-06
228.45691382765528,0.005399318572445393,0.8531794492824774,10000.000000000002,0.0001497082176660463,0.4950742786350725,3.370594314375426e-06
230.46092184368734,0.0054026502427369305,0.8532659649574087,10000.000000000002,0.0001498005956975524,0.17061074320803937,3.331670291537199e-06
232.4649298597194,0.005405945630871283,0.8533515384696881,10000.000000000002,0.00014989196772487257,0.12281566907391177,3.2953881343522964e-06
234.46893787575146,0.005409207685409504,0.853436246386541,10000.000000000002,0.00014998241550347538,0.9663835732101326,3.262054538221565e-06
236.47294589178355,0.005412439661608053,0.853520173239354,10000.000000000002,0.00015007202929264742,0.8523821084609853,3.231976198548453e-06
238.4769539078156,0.005415645121418785,0.853603411523675,10000.000000000002,0.0001501609078554931,0.7263767854843282,3.2054598107320725e-06
240.48096192384767,0.00541882793348896,0.853686061699213,10000.000000000002,0.0001502491584589347,0.46805764997284294,3.182812070175005e-06
242.48496993987973,0.005421992273161238,0.8537682321898388,10000.000000000002,0.0001503368968737125,0.2559648880637612,3.1643396722780964e-06
244.4889779559118,0.00542514262247368,0.853850039383584,10000.000000000002,0.00015042424737438456,0.24079333840397746,3.150349312442194e-06
246.49298597194385,0.005428283770159749,0.8539316076326421,10000.000000000002,0.00015051134273932692,0.3252186083481358,3.141147686069011e-06
248.4969939879759,0.0054314208116483095,0.8540130692533672,10000.000000000002,0.00015059832425073352,0.5943039982355084,3.137041488560262e-06
250.501002004008,0.005434559149063626,0.8540945645262751,10000.000000000002,0.00015068534169461605,0.7431363304300561,3.138337415316793e-06
252.50501002004006,0.005437704491225367,0.854176241696043,10000.000000000002,0.00015077255336080428,0.6941776390459581,3.145342161740318e-06
254.50901803607212,0.005440861934010692,0.8542582330906667,10000.000000000002,0.00015086010054392212,0.3519405072513486,3.1574427853250583e-06
256.5130260521042,0.005444012403035748,0.8543400433930681,10000.000000000002,0.00015094745436389494,0.9593787525968747,3.1504690250561476e-06
258.51703406813624,0.005447148491839425,0.854421480274798,10000.000000000002,0.0001510344094599763,0.7641072250261917,3.136088803677023e-06
260.5210420841683,0.005450273371797614,0.8545026260890607,10000.000000000002,0.00015112105376567599,0.5989186472602607,3.1248799581889627e-06
262.52505010020036,0.005453390129917025,0.8545835609981911,10000.000000000002,0.0001512074728751789,0.650548671610917,3.1167581194110547e-06
264.5290581162324,0.005456501768835195,0.8546643629736543,10000.000000000002,0.0001512937500433454,0.47764005618501093,3.1116389181701926e-06
266.5330661322645,0.00545961120682048,0.8547451077960448,10000.000000000002,0.00015137996618571118,0.32295789055104174,3.1094379852845966e-06
268.53707414829654,0.005462721277772059,0.8548258690550876,10000.000000000002,0.00015146619987848714,0.4203754107861355,3.110070951579426e-06
270.5410821643286,0.005465834731219935,0.8549067181496376,10000.000000000002,0.0001515525273585596,0.7820614994179322,3.1134534478755027e-06
272.5450901803607,0.005468954232324931,0.8549877242876798,10000.000000000002,0.00015163902252349017,0.11295413976678029,3.1195011049962515e-06
274.5490981963928,0.005472082361878693,0.8550689544863295,10000.000000000002,0.0001517257569315157,0.20446537645622462,3.1281295537624945e-06
276.55310621242484,0.00547522161630369,0.8551504735718312,10000.000000000002,0.0001518127998015484,0.14140237781957748,3.139254424996789e-06
278.5571142284569,0.005478374407653213,0.8552323441795604,10000.000000000002,0.00015190021801317582,0.13665592208707314,3.1527913495225587e-06
280.56112224448896,0.005481543063611374,0.8553146267540221,10000.000000000002,0.00015198807610666083,0.8699145256099065,3.168655958161494e-06
282.565130260521,0.00548472982749311,0.8553973795488516,10000.000000000002,0.0001520764362829416,0.7332920734420213,3.1867638817361515e-06
284.5691382765531,0.005487936858244178,0.855480658626814,10000.000000000002,0.00015216535840363157,0.5267564461785927,3.2070307510673537e-06
286.57314629258514,0.005491166230441157,0.8555645178598048,10000.000000000002,0.00015225489999101953,0.18805074458590132,3.2293721969793923e-06
288.5771543086172,0.005494419934291451,0.8556490089288489,10000.000000000002,0.00015234511622806961,0.5424542876051491,3.253703850293957e-06
290.58116232464926,0.005497699875633283,0.8557341813241017,10000.000000000002,0.0001524360599584212,0.5261245937025091,3.27994134183187e-06
292.5851703406813,0.005501007875935701,0.8558200823448491,10000.000000000002,0.00015252778168638908,0.2558816829190137,3.3080003024182902e-06
294.5891783567134,0.005504345672298574,0.8559067570995061,10000.000000000002,0.00015262032957696328,0.4904664843141757,3.337796362873173e-06
296.59318637274544,0.0055077149174525926,0.8559942485056183,10000.000000000002,0.00015271374945580914,0.45865426095763606,3.369245154018208e-06
298.5971943887775,0.005511117179759272,0.8560825972898614,10000.000000000002,0.0001528080848092674,0.6542650882469948,3.402262306679421e-06
300.6012024048096,0.005514553943210947,0.8561718419880404,10000.000000000002,0.00015290337678435398,0.6715842857808794,3.436763451675033e-06
302.6052104208417,0.005518026607430776,0.8562620189450916,10000.000000000002,0.00015299966418876027,0.14077360879484008,3.4726642198293356e-06
304.60921843687373,0.00552153648767274,0.85635316231508,10000.000000000002,0.00015309698349085278,0.43715135316382414,3.509880241964018e-06
306.6132264529058,0.005525084814821642,0.8564453040612019,10000.000000000002,0.00015319536881967355,0.6632739241428127,3.548327148901638e-06
308.61723446893785,0.005528672735393108,0.8565384739557824,10000.000000000002,0.00015329485196493984,0.552822632722079,3.5879205714656193e-06
310.6212424849699,0.0055323013115335835,0.8566326995802778,10000.000000000002,0.00015339546237704417,0.87084085706949,3.628576140475917e-06
312.625250501002,0.0055359715210203395,0.8567280063252737,10000.000000000002,0.0001534972271670544,0.6928242684570505,3.6702094867559557e-06
314.62925851703403,0.005539684257261468,0.856824417390486,10000.000000000002,0.00015360017110671372,0.24664098437328674,3.712736241128292e-06
316.6332665330661,0.005543440329295883,0.8569219537847603,10000.000000000002,0.00015370431662844076,0.16351187266038686,3.7560720344154835e-06
318.63727454909815,0.005547240461793322,0.8570206343260731,10000.000000000002,0.00015380968382532918,0.678177350385684,3.800132497438352e-06
320.6412825651302,0.005551085295054343,0.8571204756415297,10000.000000000002,0.00015391629045114825,0.12386017948745964,3.84483326102119e-06
322.64529058116227,0.0055549753850103285,0.8572214921673668,10000.000000000002,0.00015402415192034238,0.627198023146117,3.890089955985686e-06
324.64929859719433,0.00555891120322348,0.8573236961489501,10000.000000000002,0.00015413328130803135,0.9462072172824618,3.9358182131517955e-06
326.6533066132264,0.005562893136886826,0.8574270976407756,10000.000000000002,0.00015424368935001021,0.6179267600882911,3.981933663345545e-06
328.6573146292585,0.005566921488824213,0.8575317045064698,10000.000000000002,0.00015435538444274943,0.4493529335858697,4.02835193738689e-06
330.66132264529057,0.005570996477490311,0.8576375224187884,10000.000000000002,0.00015446837264339466,0.6789593965981179,4.074988666098386e-06
332.6653306613226,0.005575118236970614,0.8577445548596181,10000.000000000002,0.00015458265766976693,0.512427601442365,4.121759480302592e-06
334.6693386773547,0.005579286816981437,0.8578528031199748,10000.000000000002,0.00015469824090036263,0.5910551103843414,4.168580010822931e-06
336.67334669338675,0.005583502182869915,0.857962266300005,10000.000000000002,0.00015481512137435332,0.9473183278988726,4.215365888478491e-06
338.6773547094188,0.005587764215614011,0.8580729413089851,10000.000000000002,0.00015493329579158616,0.44749237402069686,4.2620327440961656e-06
340.68136272545087,0.005592072711822505,0.8581848228653215,10000.000000000002,0.00015505275851258323,0.9650715074415228,4.308496208493308e-06
342.6853707414829,0.0055964273837350005,0.8582979034965506,10000.000000000002,0.0001551735015585423,0.9148155777604574,4.354671912495944e-06
344.689378757515,0.005600827859221926,0.8584121735393386,10000.000000000002,0.00015529551461133614,0.2762120213103668,4.4004754869257645e-06
346.69338677354705,0.005605273681784529,0.8585276211394824,10000.000000000002,0.0001554187850135131,0.16242517078764893,4.445822562602723e-06
348.6973947895791,0.00560976431055488,0.8586442322519083,10000.000000000002,0.00015554329776829663,0.190700201239684,4.490628770351113e-06
350.70140280561117,0.005614299120295874,0.8587619906406732,10000.000000000002,0.00015566903553958567,0.11639964308639476,4.5348097409934895e-06
352.7054108216432,0.005618877401401225,0.8588808778789635,10000.000000000002,0.00015579597865195436,0.18499866468033555,4.5782811053515435e-06
354.7094188376753,0.005623498359895472,0.8590008733490959,10000.000000000002,0.0001559241050906522,0.7147060960747211,4.620958494246964e-06
356.7134268537074,0.005628161117433976,0.859121954242517,10000.000000000002,0.00015605339050160403,0.1640697836142061,4.6627575385040435e-06
358.71743486973946,0.005632864711302917,0.859244095559804,10000.000000000002,0.00015618380819140985,0.3870780672643852,4.7035938689410015e-06
360.7214428857715,0.005637608094419303,0.8593672701106634,10000.000000000002,0.00015631532912734522,0.8603877798725091,4.743383116385599e-06
362.7254509018036,0.005642390135330958,0.859491448513932,10000.000000000002,0.00015644792193736083,0.12094474216224328,4.78204091165519e-06
364.72945891783564,0.005647209618216534,0.859616599197577,10000.000000000002,0.0001565815529100828,0.8330216343300422,4.8194828855758e-06
366.7334669338677,0.0056520652428855,0.8597426883986949,10000.000000000002,0.0001567161859948124,0.35366929729606,4.855624668966517e-06
368.73747494989976,0.005656955624778153,0.8598696801635132,10000.000000000002,0.00015685178280152643,0.20634834485949063,4.8903818926525e-06
370.7414829659318,0.005661879294965607,0.8599975363473886,10000.000000000002,0.00015698830260087686,0.7270634488277355,4.923670187454571e-06
372.7454909819639,0.005666834700149802,0.860126216614808,10000.000000000002,0.000157125702324191,0.6660485621018956,4.95540518419442e-06
374.74949899799594,0.005671820202663498,0.8602556784393887,10000.000000000002,0.00015726393656347149,0.8897248121743476,4.985502513696338e-06
376.753507014028,0.005676834080470278,0.8603858771038778,10000.000000000002,0.00015740295757139632,0.7615639394234972,5.013877806780281e-06
378.75751503006006,0.005681874527164549,0.8605167657001527,10000.000000000002,0.00015754271526131864,0.8231328373463637,5.040446694270541e-06
380.7615230460921,0.005686939651971538,0.8606482951292204,10000.000000000002,0.00015768315720726718,0.3538311153141759,5.065124806988806e-06
382.7655310621242,0.005692027479747294,0.8607804141012183,10000.000000000002,0.00015782422864394578,0.2596955894017505,5.0878277757559e-06
384.7695390781563,0.00569713595097869,0.8609130691354137,10000.000000000002,0.00015796587246673366,0.7755532764767725,5.108471231396114e-06
386.77354709418836,0.005702262921783421,0.8610462045602034,10000.000000000002,0.00015810802923168528,0.8261512653405376,5.126970804731137e-06
388.7775551102204,0.0057074061639100036,0.8611797625131157,10000.000000000002,0.00015825063715553056,0.991454627800606,5.14324212658266e-06
390.7815631262525,0.005712563364737777,0.8613136829408077,10000.000000000002,0.0001583936321156746,0.4713559092202838,5.1572008277732395e-06
392.78557114228454,0.005717732127276902,0.8614479035990665,10000.000000000002,0.00015853694765019787,0.4348162772135049,5.168762539125432e-06
394.7895791583166,0.005722909970168364,0.8615823600528101,10000.000000000002,0.00015868051495785616,0.7987716646677971,5.177842891461795e-06
396.79358717434866,0.005728094327683969,0.861716985676086,10000.000000000002,0.00015882426289808067,0.4067231862277161,5.184357515604886e-06
398.7975951903807,0.005733282549726344,0.8618517116520714,10000.000000000002,0.00015896811799097764,0.9376815930432082,5.188222042374659e-06
400.8016032064128,0.00573847190182894,0.8619864669730746,10000.000000000002,0.0001591120044173289,0.8725714766587106,5.189352102596273e-06
402.80561122244484,0.005743659565156031,0.8621211784405325,10000.000000000002,0.00015925584401859153,0.4860946246375165,5.1876633270914185e-06
404.8096192384769,0.005748842636502711,0.8622557706650134,10000.000000000002,0.0001593995562968978,0.7757839610123476,5.18307134668005e-06
406.81362725450896,0.005754018128294899,0.862390166066215,10000.000000000002,0.0001595430584150554,0.7790885866762141,5.175491792187327e-06
408.817635270541,0.005759182968589334,0.862524284872965,10000.000000000002,0.00015968626519654737,0.19281148195233935,5.164840294434939e-06
410.8216432865731,0.005764334001073577,0.8626580451232213,10000.000000000002,0.0001598290891255319,0.91229761601161,5.1510324842437075e-06
412.82565130260514,0.005769467985066015,0.8627913626640716,10000.000000000002,0.00015997144034684277,0.5547271352030715,5.133983992437925e-06
414.82965931863725,0.005774581595515853,0.8629241511517342,10000.000000000002,0.00016011322666598877,0.8438117194969674,5.113610449837547e-06
416.8336673346693,0.0057796714230031205,0.8630563220515566,10000.000000000002,0.00016025435354915423,0.38804464092755064,5.089827487267731e-06
418.8376753507014,0.005784733973738668,0.8631877846380174,10000.000000000002,0.00016039472412319861,0.9059709056465804,5.062550735547566e-06
420.84168336673343,0.005789765669564171,0.8633184459947242,10000.000000000002,0.0001605342391756569,0.45028151086074686,5.031695825503078e-06
422.8456913827655,0.005794762847952124,0.8634482110144155,10000.000000000002,0.00016067279715473924,0.10975388633226853,4.9971783879524875e-06
424.84969939879755,0.005799721762005845,0.8635769823989589,10000.000000000002,0.0001608102941693311,0.9148437787773372,4.958914053720953e-06
426.8537074148296,0.005804638580459475,0.8637046606593531,10000.000000000002,0.00016094662398899334,0.18215800910752022,4.9168184536301646e-06
428.8577154308617,0.0058095093876779766,0.863831144115726,10000.000000000002,0.00016108167804396208,0.38738227383137336,4.870807218501812e-06
430.86172344689373,0.005814330183657135,0.8639563288973361,10000.000000000002,0.00016121534542514878,0.9550557703457244,4.8207959791584515e-06
432.8657314629258,0.0058190968840235585,0.8640801089425716,10000.000000000002,0.00016134751288414019,0.9555464322438005,4.766700366423508e-06
434.86973947895785,0.005823805320034675,0.8642023759989508,10000.000000000002,0.00016147806483319838,0.6160940993109575,4.70843601111607e-06
436.8737474949899,0.005828451238578738,0.8643230196231223,10000.000000000002,0.00016160688334526083,0.6686534909528193,4.64591854406303e-06
438.877755511022,0.00583303030217482,0.8644419271808643,10000.000000000002,0.00016173384815394007,0.5036009697804879,4.579063596082608e-06
440.88176352705403,0.005837538088972819,0.8645589838470853,10000.000000000002,0.00016185883665352426,0.36388969452825815,4.507786797999097e-06
442.88577154308615,0.005841970092753454,0.8646740726058241,10000.000000000002,0.00016198172389897674,0.3957980908329244,4.4320037806350535e-06
444.8897795591182,0.005846321722928266,0.8647870742502489,10000.000000000002,0.00016210238260593607,0.7052666104693346,4.3516301748112995e-06
446.89378757515027,0.005850588304539617,0.8648978673826585,10000.000000000002,0.00016222068315071626,0.7771370764939121,4.26658161135126e-06
448.89779559118233,0.0058547650782606936,0.8650063284144813,10000.000000000002,0.00016233649357030657,0.8124211393532637,4.176773721076624e-06
450.9018036072144,0.005858847200395504,0.8651123315662765,10000.000000000002,0.00016244967956237163,0.8106563285150985,4.082122134810816e-06
452.90581162324645,0.005862829742878879,0.8652157488677326,10000.000000000002,0.00016256010448525136,0.18208549274382135,3.982542483374658e-06
454.9098196392785,0.005866707693276471,0.865316450157668,10000.000000000002,0.00016266762935796098,0.5449782742323234,3.877950397591576e-06
456.91382765531057,0.005870475954784753,0.8654143030840319,10000.000000000002,0.00016277211286019094,0.15180288401497988,3.7682615082823903e-06
458.91783567134263,0.005874129346231025,0.8655091731039031,10000.000000000002,0.00016287341133230723,0.594575994091362,3.653391446272261e-06
460.9218436873747,0.005877662602073405,0.8656009234834904,10000.000000000002,0.00016297137877535096,0.4973774512360394,3.5332558423794083e-06
462.92585170340675,0.005881172631743116,0.8656920707337675,10000.000000000002,0.00016306870222066293,0.8989337644824698,3.510029669711104e-06
464.9298597194388,0.005884804363969791,0.8657863783144303,10000.000000000002,0.00016316940014233597,0.4158235112968708,3.6317322266755936e-06
466.93386773547087,0.005888553171148961,0.8658837260574277,10000.000000000002,0.00016327334422965676,0.2053603147848453,3.748807179169457e-06
468.93787575150293,0.00589241318222947,0.8659839615053113,10000.000000000002,0.0001633803716945638,0.2286925138475523,3.860011080509401e-06
470.94188376753505,0.005896378640425616,0.8660869351678382,10000.000000000002,0.0001634903229172614,0.785359568545725,3.965458196145827e-06
472.9458917835671,0.005900443903217149,0.8661925005219717,10000.000000000002,0.00016360304144621992,0.656396256984635,4.065262791532603e-06
474.94989979959917,0.005904603442349268,0.8663005140118816,10000.000000000002,0.00016371837399817556,0.1910104085105112,4.159539132119264e-06
476.9539078156312,0.005908851843832628,0.8664108350489439,10000.000000000002,0.00016383617045813062,0.1756961255034977,4.2484014833596775e-06
478.9579158316633,0.005913183807943331,0.8665233260117404,10000.000000000002,0.00016395628387935314,0.730872218313208,4.331964110703378e-06
480.96192384769535,0.005917594149222934,0.8666378522460592,10000.000000000002,0.0001640785704833772,0.16548670572777419,4.410341279603366e-06
482.9659318637274,0.005922077796478446,0.866754282064895,10000.000000000002,0.00016420288966000282,0.8396740533613206,4.483647255511779e-06
484.96993987975947,0.005926629792782325,0.8668724867484483,10000.000000000002,0.000164329103967296,0.7356180044408466,4.551996303879015e-06
486.9739478957915,0.005931245295472482,0.8669923405441257,10000.000000000002,0.00016445707913158848,0.1732139025777098,4.61550269015721e-06
488.9779559118236,0.00593591957615228,0.86711372066654,10000.000000000002,0.00016458668404747815,0.17635394267667273,4.674280679797631e-06
490.98196392785565,0.005940648020690534,0.8672365072975103,10000.000000000002,0.0001647177907778288,0.9879756206510579,4.728444538254148e-06
492.9859719438877,0.0059454261292215095,0.8673605835860622,10000.000000000002,0.00016485027455377004,0.4368437161805083,4.7781085309754265e-06
494.98997995991976,0.005950249516144924,0.8674858356484267,10000.000000000002,0.00016498401377469752,0.4335779323602018,4.823386923414469e-06
496.9939879759518,0.005955113910125948,0.8676121525680418,10000.000000000002,0.00016511889000827282,0.8315196105317523,4.864393981024277e-06
498.99799599198394,0.005960015154095203,0.8677394263955509,10000.000000000002,0.00016525478799042341,0.9525237196454728,4.901243969254385e-06
501.002004008016,0.00596494920524876,0.8678675521488046,10000.000000000002,0.00016539159562534272,0.9874009574405838,4.934051153556926e-06
503.00601202404806,0.005969912135048145,0.8679964278128584,10000.000000000002,0.00016552920398549013,0.7780403667330474,4.962929799385771e-06
505.0100200400801,0.005974900129220334,0.8681259543399749,10000.000000000002,0.00016566750731159091,0.43863362697782415,4.987994172188717e-06
507.0140280561122,0.0059799094877577555,0.8682560356496227,10000.000000000002,0.00016580640301263637,0.1751506450288019,5.00935853742137e-06
509.01803607214424,0.005984936624918289,0.8683865786284765,10000.000000000002,0.00016594579166588364,0.7994322243346931,5.027137160533261e-06
511.0220440881763,0.005989978069225264,0.8685174931304169,10000.000000000002,0.00016608557701685585,0.6025638247622246,5.041444306975659e-06
513.0260521042084,0.005995030463467467,0.8686486919765312,10000.000000000002,0.00016622566597934206,0.48179980832227864,5.0523942422024334e-06
515.0300601202405,0.00600009056469913,0.8687800909551125,10000.000000000002,0.0001663659686353972,0.9157189465852624,5.060101231663117e-06
517.0340681362725,0.00600515524423994,0.8689116088216602,10000.000000000002,0.0001665063982353422,0.2000777340755362,5.064679540809844e-06
519.0380761523046,0.006010221487675035,0.8690431672988803,10000.000000000002,0.00016664687119776405,0.5433625938617732,5.066243435095617e-06
521.0420841683366,0.006015286394855006,0.869174691076684,10000.000000000002,0.0001667873071095154,0.11021828029067716,5.064907179970837e-06
523.0460921843687,0.006020347179895894,0.8693061078121894,10000.000000000002,0.00016692762872571508,0.5217945777947136,5.060785040887639e-06
525.0501002004007,0.006025401171179191,0.8694373481297208,10000.000000000002,0.00016706776196974762,0.15067294811365362,5.053991283297289e-06
527.0541082164328,0.006030445811351844,0.8693365643123099,10000.000000000002,0.00016720763593326379,0.20693612464126473,5.044640172652791e-06
529.0581162324648,0.006035478657326248,0.8687498282076926,10000.000000000002,0.00016734718287618006,0.2057736220993944,5.032845974403677e-06
531.062124248497,0.0060404973802802514,0.8681647385842146,10000.000000000002,0.0001674863382266789,0.6842892719044572,5.018722954003817e-06
533.066132264529,0.006045499765657154,0.8675815536179419,10000.000000000002,0.00016762504058120874,0.771440391338881,5.002385376902743e-06
535.0701402805611,0.0060504837131657085,0.867000518163716,10000.000000000002,0.00016776323170448394,0.6250318885874436,4.983947508554326e-06
537.0741482965931,0.0060554472367801175,0.8664218637551555,10000.000000000002,0.00016790085652948475,0.9659552936270878,4.963523614408966e-06
539.0781563126252,0.006060388464740036,0.8658458086046555,10000.000000000002,0.00016803786315745746,0.43738352157133364,4.941227959918797e-06
541.0821643286572,0.006065305639550571,0.8652725576033871,10000.000000000002,0.00016817420285791416,0.35714087765367464,4.917174810535087e-06
543.0861723446893,0.0060701971179822805,0.8647023023212987,10000.000000000002,0.00016830983006863295,0.8817392153705143,4.891478431709104e-06
545.0901803607214,0.006075061371071176,0.8641352210071146,10000.000000000002,0.00016844470239565798,0.30123625466750736,4.864253088895584e-06
547.0941883767534,0.006079896984118717,0.8635714785883359,10000.000000000002,0.00016857878061329908,0.9669002854965502,4.835613047540592e-06
549.0981963927856,0.006084702656691818,0.8630112266712402,10000.000000000002,0.00016871202866413227,0.11093902722083471,4.805672573101466e-06
551.1022044088176,0.006089477202622845,0.8624546035408811,10000.000000000002,0.00016884441365899928,0.9728909440368751,4.774545931026872e-06
553.1062124248497,0.006094219550009614,0.8619017341610895,10000.000000000002,0.000168975905877008,0.13884392075551852,4.742347386768944e-06
555.1102204408817,0.006098928741215394,0.8613527301744724,10000.000000000002,0.00016910647876553205,0.902028802328264,4.709191205779818e-06
557.1142284569138,0.006103603932868905,0.8608076899024133,10000.000000000002,0.00016923610894021123,0.5749309981776699,4.675191653511629e-06
559.1182364729458,0.006108244395864318,0.8602666983450724,10000.000000000002,0.00016936477618495092,0.9936683165073703,4.640462995413042e-06
561.1222444889779,0.006112849515361259,0.859729827181386,10000.000000000002,0.00016949246345192282,0.16641690826185898,4.605119496940528e-06
563.1262525050099,0.006117418790784801,0.8591971347690674,10000.000000000002,0.0001696191568615643,0.5984688559611887,4.569275423541887e-06
565.130260521042,0.006121951835825473,0.8586686661446064,10000.000000000002,0.00016974484570257884,0.9723722820571891,4.533045040671854e-06
567.134268537074,0.006126448378439251,0.8581444530232685,10000.000000000002,0.0001698695224319357,0.570788059753134,4.496542613778229e-06
569.1382765531062,0.0061309082608475675,0.8576245137990969,10000.000000000002,0.00016999318267487014,0.6664587743217363,4.459882408316615e-06
571.1422845691383,0.006135331439537305,0.8571088535449103,10000.000000000002,0.00017011582522488347,0.7261738200861555,4.423178689737413e-06
573.1462925851703,0.006139717985260795,0.8565974640123044,10000.000000000002,0.00017023745204374277,0.5090869582909959,4.386545723490155e-06
575.1503006012024,0.0061440680830358255,0.8560903236316519,10000.000000000002,0.00017035806826148114,0.6648022720756571,4.350097775030447e-06
577.1543086172344,0.006148382032145632,0.8555873975121008,10000.000000000002,0.00017047768217639753,0.6258828807307902,4.313949109806085e-06
579.1583166332665,0.006152660246138903,0.8550886374415765,10000.000000000002,0.00017059630525505698,0.9110422094418901,4.278213993271808e-06
581.1623246492985,0.0061569032528297814,0.8545939818867805,10000.000000000002,0.0001707139521322904,0.1409017423073121,4.243006690878015e-06
583.1663326653306,0.006161111694297857,0.8541033559931912,10000.000000000002,0.00017083064061119456,0.35286687063300726,4.208441468075974e-06
585.1703406813626,0.006165286326888174,0.8536166715850633,10000.000000000002,0.00017094639166313216,0.9553703356689028,4.174632590316953e-06
587.1743486973947,0.00616942802121123,0.853133827165428,10000.000000000002,0.00017106122942773204,0.9012374055018246,4.141694323055688e-06
589.1783567134268,0.00617353776214297,0.8526547079160929,10000.000000000002,0.0001711751812128888,0.5100910775071417,4.1097409317399775e-06
591.1823647294589,0.006177616648824795,0.8521791856976422,10000.000000000002,0.00017128827749476292,0.658119338021383,4.078886681824559e-06
593.1863727454909,0.0061816658946635536,0.8517071190494366,10000.000000000002,0.00017140055191778106,0.3496430646830194,4.049245838758965e-06
595.190380761523,0.006185686827331549,0.8512383531896135,10000.000000000002,0.0001715120412946355,0.2693090437513852,4.0209326679953306e-06
597.194388777555,0.0061896808887665355,0.8507727200150866,10000.000000000002,0.0001716227856062848,0.517328564445984,3.994061434986658e-06
599.1983967935871,0.006193649635171719,0.8503100381015463,10000.000000000002,0.00017173282800195312,0.41801700522344754,3.968746405183347e-06
601.2024048096192,0.006197594737015756,0.849850112703459,10000.000000000002,0.0001718422147991308,0.6252905006657848,3.945101844037534e-06
603.2064128256512,0.006201517979032758,0.8493927357540683,10000.000000000002,0.0001719509954835741,0.16996117326848637,3.923242017001352e-06
605.2104208416833,0.006205421260222283,0.8489376858653938,10000.000000000002,0.000172059222709305,0.9769553268995498,3.903281189525203e-06
607.2144288577153,0.006209306593849344,0.848484728328232,10000.000000000002,0.00017216695229861165,0.9875896700316426,3.88533362706122e-06
609.2184368737475,0.0062131761074444075,0.8480336151121554,10000.000000000002,0.00017227424324204807,0.7283455426177706,3.8695135950632745e-06
611.2224448897795,0.006217032042803387,0.8475840848655136,10000.000000000002,0.0001723811576984342,0.5824867297097084,3.855935358979164e-06
613.2264529058116,0.00622087675598765,0.8471358629154324,10000.000000000002,0.00017248776099485578,0.378574854657695,3.844713184263625e-06
615.2304609218436,0.006224712717324017,0.846688661267814,10000.000000000002,0.0001725941216266648,0.8324155177362538,3.835961336367058e-06
617.2344689378757,0.00622854251140476,0.8462421786073373,10000.000000000002,0.00017270031125747896,0.7162580552984913,3.829794080742466e-06
619.2384769539077,0.006232368837087599,0.8457961002974577,10000.000000000002,0.00017280640471918193,0.24635524541040218,3.826325682839381e-06
621.2424849699398,0.00623619450749571,0.845350098380407,10000.000000000002,0.00017291248001192328,0.9198344660444582,3.825670408110805e-06
623.2464929859718,0.006240022450017718,0.8449038315771937,10000.000000000002,0.0001730186183041186,0.840283518630852,3.827942522008007e-06
625.250501002004,0.006243855706307703,0.8444569452876025,10000.000000000002,0.00017312490393244943,0.9548199219627316,3.833256289984856e-06
627.2545090180361,0.006247697432285191,0.8440090715901949,10000.000000000002,0.00017323142440186314,0.753147557549524,3.841725977488282e-06
629.2585170340681,0.006251550898135166,0.8435598292423089,10000.000000000002,0.00017333827038557318,0.6520736763422109,3.853465849974758e-06
631.2625250501002,0.00625541948830806,0.8431088236800586,10000.000000000002,0.0001734455357250588,0.476418732661557,3.8685901728938155e-06
633.2665330661322,0.0062593067015197556,0.8426556470183353,10000.000000000002,0.0001735533174300652,0.939455635018612,3.887213211695856e-06
635.2705410821643,0.006263216150751592,0.8421998780508062,10000.000000000002,0.00017366171567860362,0.8794575005503675,3.909449231836483e-06
637.2745490981963,0.0062671515632503555,0.8417410822499154,10000.000000000002,0.00017377083381695115,0.14069680309557048,3.935412498763495e-06
639.2785571142284,0.006271116780528285,0.8412788117668833,10000.000000000002,0.00017388077835965086,0.12373027704752682,3.9652172779298944e-06
641.2825651302604,0.006275115758363073,0.8408126054317069,10000.000000000002,0.00017399165898951172,0.43881703019024465,3.998977834787816e-06
643.2865731462925,0.006279152566797863,0.8403419887531594,10000.000000000002,0.00017410358855760862,0.8294979977036496,4.036808434789395e-06
645.2905811623245,0.006283231390141248,0.839866473918791,10000.000000000002,0.0001742166830832825,0.98854851638345,4.078823343385031e-06
647.2945891783567,0.006287356526967275,0.8393855597949282,10000.000000000002,0.0001743310617541401,0.23537520199317538,4.125136826027727e-06
649.2985971943887,0.006291532390115442,0.8388987319266739,10000.000000000002,0.00017444684692605422,0.6347176438169216,4.175863148167015e-06
651.3026052104208,0.006295753271638632,0.8384066557543526,10000.000000000002,0.00017456388033338846,0.4428017709679194,4.2208815231896055e-06
653.3066132264528,0.006299956261309188,0.8379166654388153,10000.000000000002,0.0001746804176489784,0.9729229580331429,4.202989670555601e-06
655.3106212424849,0.0063041314920429655,0.8374299112983001,10000.000000000002,0.0001747961852857851,0.8579070308221378,4.175230733777929e-06
657.314629258517,0.00630828095404851,0.8369461613115585,10000.000000000002,0.0001749112384268042,0.8544958342400241,4.149462005544231e-06
659.318637274549,0.006312406606466245,0.8364651870793055,10000.000000000002,0.0001750256313935984,0.5218238438154733,4.125652417735076e-06
661.3226452905811,0.006316510377368477,0.83598676382422,10000.000000000002,0.00017513941764629663,0.4733375521038987,4.1037709022319e-06
663.3266533066131,0.006320594163759392,0.8355106703909456,10000.000000000002,0.00017525264978359505,0.34606636473763563,4.083786390915271e-06
665.3306613226453,0.006324659831575058,0.8350366892460896,10000.000000000002,0.00017536537954275608,0.15073794698583443,4.065667815665759e-06
667.3346693386773,0.006328709215683423,0.8345646064782235,10000.000000000002,0.00017547765779960914,0.8782501386295479,4.049384108364799e-06
669.3386773547094,0.0063327441198843155,0.8340942117978822,10000.000000000002,0.0001755895345685503,0.8316109082170698,4.034904200892961e-06
671.3426853707414,0.0063367663169094455,0.8336252985375656,10000.000000000002,0.00017570105900254217,0.9997459059575176,4.022197025129945e-06
673.3466933867735,0.006340777548422404,0.8331576636517375,10000.000000000002,0.00017581227939311432,0.9969731533665148,4.011231512958922e-06
675.3507014028055,0.006344779525018661,0.8326911077168251,10000.000000000002,0.0001759232431703629,0.5998885350423647,4.0019765962569925e-06
677.3547094188376,0.006348773926225571,0.8322254349312201,10000.000000000002,0.00017603399690295084,0.7920886736624595,3.994401206909928e-06
679.3587174348696,0.006352762400502366,0.8317604531152784,10000.000000000002,0.00017614458629810765,0.9502891568941852,3.988474276794829e-06
681.3627254509017,0.006356746565240159,0.8312959737113199,10000.000000000002,0.00017625505620162967,0.8646826516096703,3.9841647377931305e-06
683.3667334669337,0.006360728006761946,0.8308318117836282,10000.000000000002,0.00017636545059788002,0.3226132915688779,3.9814415217871366e-06
685.3707414829659,0.006364708280322602,0.8303677860184511,10000.000000000002,0.00017647581260978837,0.5054897217790841,3.980273560655681e-06
687.374749498998,0.006368688910108882,0.829903718724001,10000.000000000002,0.0001765861844988511,0.2162434736363455,3.9806297862802e-06
689.37875751503,0.006372671389239425,0.8294394358304534,10000.000000000002,0.00017669660766513146,0.9586459245328501,3.982479130542997e-06
691.3827655310621,0.006376657179764748,0.828974766889949,10000.000000000002,0.0001768071226472593,0.645557171005792,3.985790525322906e-06
693.3867735470941,0.0063806477126672504,0.8285095450765916,10000.000000000002,0.00017691776912243123,0.30577852495311647,3.990532902502231e-06
695.3907815631262,0.006384644387861211,0.8280436071864491,10000.000000000002,0.00017702858590641052,0.704530615965271,3.996675193960672e-06
697.3947895791582,0.006388648574192791,0.8275767936375541,10000.000000000002,0.00017713961095352718,0.6563154164121062,4.004186331579666e-06
699.3987975951903,0.0063926616094400306,0.8271089484699028,10000.000000000002,0.00017725088135667788,0.4223464462295564,4.013035247239782e-06
701.4028056112223,0.006396684800312852,0.8266399193454559,10000.000000000002,0.00017736243334732615,0.20220183297966612,4.023190872821589e-06
703.4068136272545,0.006400719422453059,0.8261695575481374,10000.000000000002,0.00017747430229550208,0.7044158760335196,4.034622140206522e-06
705.4108216432865,0.006404766720434334,0.8256977179838358,10000.000000000002,0.0001775865227098026,0.568276930813414,4.04729798127515e-06
707.4148296593186,0.006408827907762243,0.825224259180404,10000.000000000002,0.00017769912823739116,0.7950865525620754,4.061187327908909e-06
709.4188376753506,0.006412904166874229,0.8247490432876583,10000.000000000002,0.00017781215166399816,0.568147151000794,4.076259111986634e-06
711.4228456913827,0.006416996649139621,0.8242719360773793,10000.000000000002,0.00017792562491392053,0.8669633502866861,4.092482265391495e-06
713.4268537074148,0.006421106474859623,0.823792806943312,10000.000000000002,0.00017803957905002205,0.596716154897037,4.109825720002326e-06
715.4308617234468,0.006425234733267325,0.823311528901165,10000.000000000002,0.000178154044273733,0.6048441743818477,4.128258407701431e-06
717.4348697394789,0.006429382482527694,0.822827978588611,10000.000000000002,0.00017826904992505066,0.8889882423925105,4.147749260369378e-06
719.4388777555109,0.00643355074973758,0.8223420362652871,10000.000000000002,0.0001783846244825388,0.46313457959115734,4.168267209885869e-06
721.442885771543,0.006437740530925714,0.8218535858127942,10000.000000000002,0.000178500795563328,0.22061370560557667,4.189781188134074e-06
723.446893787575,0.006441952791052705,0.8213625147346975,10000.000000000002,0.00017861758992311554,0.1259044086820051,4.212260126991094e-06
725.4509018036072,0.006446188464011047,0.8208687141565256,10000.000000000002,0.00017873503345616534,0.7796235301062571,4.235672958341832e-06
727.4549098196392,0.00645044845262511,0.8203720788257719,10000.000000000002,0.00017885315119530818,0.6582785962181182,4.25998861406339e-06
729.4589178356713,0.00645473362865115,0.8198725071118937,10000.000000000002,0.00017897196731194142,0.7336717912893012,4.285176026039804e-06
731.4629258517033,0.006459044832777301,0.819369901006312,10000.000000000002,0.0001790915051160292,0.29166774535801965,4.311204126150776e-06
733.4669338677354,0.006463382874623576,0.8188641661224123,10000.000000000002,0.00017921178705610231,0.2227343280280928,4.338041846275141e-06
735.4709418837674,0.006467748532741873,0.8183552116955436,10000.000000000002,0.00017933283471925838,0.11309019910109375,4.365658118296936e-06
737.4749498997995,0.006472142554615968,0.8178429505830196,10000.000000000002,0.0001794546688311616,0.4155288029259373,4.394021874094996e-06
739.4789579158315,0.006476565656661518,0.8173272992641178,10000.000000000002,0.0001795773092560429,0.6309259181691698,4.4231020455498885e-06
741.4829659318636,0.006481018524226062,0.8168081778400796,10000.000000000002,0.0001797007749967001,0.4530196405897591,4.452867564543918e-06
743.4869739478958,0.0064855018115890185,0.8162855100341107,10000.000000000002,0.0001798250841944974,0.4937274298213562,4.483287362956785e-06
745.4909819639278,0.0064900161419616876,0.8157592231913806,10000.000000000002,0.00017995025412936605,0.9137428250443735,4.514330372669059e-06
747.4949899799599,0.006494562107487251,0.8152292482790231,10000.000000000002,0.00018007630121980378,0.41342992032097037,4.5459655255630435e-06
749.4989979959919,0.006499140269240769,0.8146955198861358,10000.000000000002,0.0001802032410228752,0.5625905402438297,4.578161753518439e-06
751.503006012024,0.006503751157229186,0.8141579762237805,10000.000000000002,0.00018033108823421157,0.8052877114670287,4.610887988416683e-06
753.507014028056,0.006508395270391322,0.8136165591249835,10000.000000000002,0.0001804598566880107,0.45688850408914317,4.644113162136608e-06
755.5110220440881,0.006513073076597884,0.8130712140447344,10000.000000000002,0.0001805895593570374,0.6598780302050862,4.677806206561386e-06
757.5150300601201,0.006517785012651455,0.8125218900599871,10000.000000000002,0.00018072020835262296,0.8761273378720706,4.7119360535715846e-06
759.5190380761522,0.006522531484286503,0.8119685398696599,10000.000000000002,0.00018085181492466558,0.954568561291878,4.746471635047773e-06
761.5230460921842,0.006527312866169372,0.8114111197946345,10000.000000000002,0.00018098438946162994,0.23236613283613416,4.781381882868786e-06
763.5270541082164,0.00653212950189829,0.8108495897777576,10000.000000000002,0.00018111794149054759,0.9339288626453449,4.816635728917794e-06
765.5310621242484,0.006536981704003366,0.810283913383839,10000.000000000002,0.00018125247967701682,0.5429046637715844,4.852202105076232e-06
767.5350701402805,0.006541869753946588,0.8097140577996532,10000.000000000002,0.00018138801182520248,0.3324199494690625,4.888049943222068e-06
769.5390781563126,0.0065467939021218256,0.8091399938339385,10000.000000000002,0.0001815245448778363,0.5132221806144351,4.924148175237605e-06
771.5430861723446,0.00655175436785483,0.8085616959173973,10000.000000000002,0.00018166208491621658,0.9820293177569294,4.9604657330042795e-06
773.5470941883767,0.006556751339403233,0.8079791421026958,10000.000000000002,0.00018180063716020847,0.5433562845935827,4.996971548403527e-06
775.5511022044087,0.006561784973956546,0.807392314064465,10000.000000000002,0.0001819402059682437,0.3958764492587574,5.033634553312447e-06
777.5551102204408,0.006566855397636162,0.8068011970992988,10000.000000000002,0.0001820807948373208,0.6700607688850532,5.070423679615944e-06
779.5591182364728,0.006571962705495355,0.8062057801257565,10000.000000000002,0.00018222240640300498,0.3161310569003738,5.107307859192854e-06
781.563126252505,0.00657710696151928,0.8056060556843603,10000.000000000002,0.00018236504243942814,0.16827699529779755,5.1442560239254795e-06
783.567134268537,0.006582288198624972,0.8050020199375973,10000.000000000002,0.00018250870385928895,0.2159917497195843,5.181237105691787e-06
785.5711422845691,0.006587506418661348,0.8043936726699179,10000.000000000002,0.00018265339071385275,0.2152412550619952,5.218220036375815e-06
787.5751503006011,0.006592761592409203,0.8037810172877373,10000.000000000002,0.0001827991021929516,0.23671242416106492,5.255173747855529e-06
789.5791583166332,0.006598053659581218,0.8031640608194344,10000.000000000002,0.00018294583662498425,0.2249444553844691,5.292067172014969e-06
791.5831663326652,0.006603382528821949,0.802542813915352,10000.000000000002,0.0001830935914769163,0.6767872703228931,5.3288692407312335e-06
793.5871743486973,0.006608748077707838,0.8019172908477971,10000.000000000002,0.0001832423633542798,0.2636920759592304,5.3655488858883604e-06
795.5911823647293,0.006614150152747204,0.8012875095110408,10000.000000000002,0.00018339214800117373,0.4111005549914769,5.402075039366051e-06
797.5951903807614,0.006619588569380247,0.8006534914213186,10000.000000000002,0.00018354294030026373,0.9071095689154106,5.43841663304314e-06
799.5991983967936,0.0066250631119790515,0.8000152617168292,10000.000000000002,0.00018369473427278212,0.5265654762365851,5.474542598804533e-06
801.6032064128256,0.006630573533847579,0.7993728491577361,10000.000000000002,0.00018384752307852795,0.7008019646689244,5.510421868527328e-06
803.6072144288577,0.006636119557221673,0.7987262861261668,10000.000000000002,0.000184001299015867,0.2550878840814669,5.5460233740938294e-06
805.6112224448897,0.006641700873269057,0.7980756086262122,10000.000000000002,0.0001841560535217317,0.27306011692780374,5.581316047384606e-06
807.6152304609218,0.006647317142089339,0.7974208562839282,10000.000000000002,0.0001843117771716213,0.136781754639831,5.616268820281961e-06
809.6192384769538,0.006652967992714002,0.7967620723473342,10000.000000000002,0.00018446845967960156,0.2520415567649481,5.650850624662994e-06
811.6232464929859,0.006658653023106416,0.7960993036864132,10000.000000000002,0.00018462608989830526,0.3507313051287628,5.685030392413477e-06
813.6272545090179,0.006664371800161826,0.7954326007931136,10000.000000000002,0.00018478465581893164,0.2593094358490722,5.718777055410511e-06
815.63126252505,0.006670123859707362,0.7947620177813468,10000.000000000002,0.0001849441445712468,0.17983228038135007,5.75205954553553e-06
817.635270541082,0.006675908706502033,0.7940876123869882,10000.000000000002,0.00018510454242358335,0.20857228399054073,5.784846794670839e-06
819.6392785571142,0.006681725814236729,0.793409445967878,10000.000000000002,0.00018526583478284088,0.5147008912294532,5.817107734696139e-06
821.6432865731462,0.00668757462553422,0.7927275835038199,10000.000000000002,0.0001854280061944855,0.28570034656521326,5.848811297491131e-06
823.6472945891783,0.00669345455194916,0.7920420935965815,10000.000000000002,0.0001855910403425501,0.4278428749432679,5.879926414939854e-06
825.6513026052103,0.006699364973968079,0.7913530484698953,10000.000000000002,0.00018575492004963432,0.5530755437693712,5.910422018919406e-06
827.6553106212424,0.006705305241009394,0.790660523969457,10000.000000000002,0.00018591962727690446,0.7213553457664288,5.940267041314694e-06
829.6593186372745,0.006711274671423396,0.7899645995629265,10000.000000000002,0.00018608514312409345,0.13538092585698905,5.9694304140019486e-06
831.6633266533065,0.00671727255249226,0.7892653583399283,10000.000000000002,0.0001862514478295011,0.8194693590181383,5.997881068864341e-06
833.6673346693386,0.006723298140430044,0.7885628870120502,10000.000000000002,0.0001864185207699939,0.665110350541817,6.025587937784176e-06
835.6713426853706,0.006729350660382684,0.7878572759128448,10000.000000000002,0.00018658634046100488,0.17358312875398474,6.052519952639418e-06
837.6753507014027,0.006735429306427996,0.7871486189978285,10000.000000000002,0.00018675488455653405,0.8862207616960995,6.078646045312372e-06
839.6793587174348,0.00674153324157568,0.7864370138444812,10000.000000000002,0.00018692412984914786,0.9287851604786319,6.103935147683606e-06
841.6833667334669,0.006747661597767315,0.7857225616522474,10000.000000000002,0.00018709405226997978,0.1549701638693774,6.128356191635424e-06
843.6873747494989,0.00675381347587636,0.7850053672425358,10000.000000000002,0.00018726462688872962,0.34918988333248335,6.151878109044925e-06
845.691382765531,0.006759987945708156,0.7842855390587188,10000.000000000002,0.00018743582791366415,0.8255811518137552,6.174469831796148e-06
847.695390781563,0.006766184045999925,0.7835631891661332,10000.000000000002,0.0001876076286916169,0.7734337213452925,6.196100291768793e-06
849.6993987975951,0.006772400784420769,0.7828384332520794,10000.000000000002,0.000187780001707988,0.26606891742073957,6.216738420844296e-06
851.7034068136271,0.0067786371375716725,0.782111390625822,10000.000000000002,0.00018795291858674418,0.2884143910030393,6.2363531509032274e-06
853.7074148296592,0.006784892050985498,0.7813821842185902,10000.000000000002,0.0001881263500904191,0.4334248925122438,6.254913413825287e-06
855.7114228456913,0.00679116443912699,0.7806509405835764,10000.000000000002,0.00018830026612011306,0.5360706866719193,6.272388141491912e-06
857.7154308617233,0.006797453185392775,0.7799177898959377,10000.000000000002,0.000188474635715493,0.6564292943772664,6.288746265785405e-06
859.7194388777555,0.00680375714211136,0.7791828659527951,10000.000000000002,0.00018864942705479267,0.43202227561279516,6.303956718584601e-06
861.7234468937875,0.0068100751305431315,0.7784463061732332,10000.000000000002,0.00018882460745481248,0.5162812445198331,6.317988431771802e-06
863.7274549098196,0.006816405940880357,0.7777082515983016,10000.000000000002,0.00018900014337091945,0.7727238443203809,6.330810337225844e-06
865.7314629258516,0.006822748332247187,0.7769688468910131,10000.000000000002,0.0001891760003970476,0.13301488260153813,6.342391366829896e-06
867.7354709418837,0.006829101032699651,0.7762282403363447,10000.000000000002,0.00018935214326569737,0.3271932499096187,6.35270045246366e-06
869.7394789579157,0.006835462739225658,0.775486583841238,10000.000000000002,0.00018952853584793604,0.7420146272960972,6.361706526006837e-06
871.7434869739478,0.006841832117745,0.7747440329345981,10000.000000000002,0.00018970514115339765,0.9056861539184794,6.369378519342599e-06
873.7474949899798,0.00684820780310935,0.7740007467672945,10000.000000000002,0.0001898819213302828,0.5605096979040995,6.3756853643497785e-06
875.751503006012,0.006854588399102261,0.7732568881121602,10000.000000000002,0.00019005883766535904,0.5789021367387841,6.38059599291068e-06
877.755511022044,0.006860972478439166,0.7725126233639932,10000.000000000002,0.0001902358505839603,0.19645481020579847,6.384079336905005e-06
879.7595190380761,0.006867358582767379,0.7717681225395545,10000.000000000002,0.0001904129196499875,0.5026711301411092,6.386104328213321e-06
881.7635270541081,0.006873745222666097,0.77102355927757,10000.000000000002,0.0001905900035659082,0.5793555398095208,6.386639898717933e-06
883.7675350701402,0.0068801308776463965,0.7702791108387292,10000.000000000002,0.00019076706017275667,0.3182234532712567,6.385654980299409e-06
885.7715430861723,0.006886513996151233,0.769534958105686,10000.000000000002,0.00019094404645013374,0.34231890785444286,6.383118504836582e-06
887.7755511022043,0.006892892995555445,0.7687912855830576,10000.000000000002,0.0001911209185162072,0.43955574679416043,6.378999404211758e-06
889.7795591182364,0.006899266262165751,0.7680482813974265,10000.000000000002,0.00019129763162771147,0.11806407799995373,6.37326661030637e-06
891.7835671342684,0.006905632151220751,0.7673061372973382,10000.000000000002,0.00019147414017994756,0.3898712490248605,6.365889055000122e-06
893.7875751503005,0.006911988986890926,0.7665650486533028,10000.000000000002,0.00019165039770678336,0.2903032062968902,6.356835670174449e-06
895.7915831663325,0.006918335062278635,0.765825214457794,10000.000000000002,0.00019182635688065334,0.39474761696012317,6.346075387709052e-06
897.7955911823647,0.006924668639418122,0.7650868373252498,10000.000000000002,0.00019200196951255877,0.2077859186373261,6.333577139487102e-06
899.7995991983967,0.0069309879492755085,0.7643501234920727,10000.000000000002,0.00019217718655206758,0.9014745526659055,6.319309857386567e-06
901.8036072144288,0.0069372911917488,0.7636152828166285,10000.000000000002,0.0001923519580873145,0.6342332081986438,6.303242473291483e-06
903.8076152304608,0.006943576535667878,0.7628825287792478,10000.000000000002,0.00019252623334500076,0.7111920872300407,6.285343919078083e-06
905.8116232464929,0.00694984211879451,0.7621520784822243,10000.000000000002,0.00019269996069039462,0.8102541147466045,6.2655831266321405e-06
907.8156312625249,0.006956086047822341,0.7614241526498168,10000.000000000002,0.00019287308762733077,0.5485979790361516,6.243929027830754e-06
909.819639278557,0.006962306398376899,0.7606989756282474,10000.000000000002,0.00019304556079821072,0.17822825927868133,6.2203505545579615e-06
911.823647294589,0.006968501215015591,0.7599767753857026,10000.000000000002,0.00019321732598400276,0.583395887636693,6.19481663869173e-06
913.8276553106211,0.006974668511227704,0.7592577835123332,10000.000000000002,0.00019338832810424179,0.6281570062187912,6.167296212113496e-06
915.8316633266533,0.00698080626943441,0.7585422352202533,10000.000000000002,0.00019355851121702943,0.770895526765897,6.1377582067055625e-06
917.8356713426853,0.006986912440988757,0.7578303693435418,10000.000000000002,0.00019372781851903414,0.48849359160671146,6.106171554347631e-06
919.8396793587174,0.006992984946175677,0.7571224283382412,10000.000000000002,0.00019389619234549087,0.21482227251600738,6.0725051869194024e-06
921.8436873747494,0.006999021674211982,0.7564186582823584,10000.000000000002,0.0001940635741702015,0.355398315218852,6.0367280363049156e-06
923.8476953907815,0.007005020483246364,0.7557193088758641,10000.000000000002,0.00019422990460553447,0.4267740667587716,5.998809034382137e-06
925.8517034068135,0.007010979200359395,0.7550246334406931,10000.000000000002,0.000194395123402425,0.6813255171984411,5.958717113031635e-06
927.8557114228456,0.007016896042723727,0.7543348398213098,10000.000000000002,0.00019455918112798608,0.6137004742020207,5.916842364331841e-06
929.8597194388776,0.007022771559019902,0.7536498640517819,10000.000000000002,0.00019472209299561643,0.4204870533080617,5.8755162961748875e-06
931.8637274549097,0.0070286068614338155,0.752969576471948,10000.000000000002,0.00019488388984316448,0.9878637239136817,5.835302413913397e-06
933.8677354709417,0.0070344029950064925,0.7522938552494884,10000.000000000002,0.00019504460064673665,0.6451973374211984,5.796133572676977e-06
935.8717434869739,0.0070401609539435285,0.7516225844785478,10000.000000000002,0.00019520425297291297,0.3135041125623951,5.757958937036012e-06
937.8757515030059,0.007045881681615087,0.7509556541797353,10000.000000000002,0.00019536287297874713,0.19160422535836336,5.720727671558283e-06
939.879759519038,0.0070515660705559,0.7502929603001242,10000.000000000002,0.0001955204854117665,0.23757322526589883,5.684388940813308e-06
941.8837675350701,0.007057214962465269,0.7496344047132527,10000.000000000002,0.000195677113609972,0.32136195554605734,5.648891909368868e-06
943.8877755511021,0.007062829148207063,0.7489798952191232,10000.000000000002,0.00019583277950183835,0.24461323593360013,5.614185741793613e-06
945.8917835671342,0.0070684093678097205,0.7483293455442028,10000.000000000002,0.00019598750360631375,0.26791032164617523,5.580219602657928e-06
947.8957915831662,0.0070739563104662475,0.7476826753414232,10000.000000000002,0.00019614130503282012,0.35658565182446245,5.546942656526992e-06
949.8997995991983,0.007079470614534221,0.7470398101901801,10000.000000000002,0.00019629420148125308,0.25603623576527934,5.514304067973791e-06
951.9038076152303,0.007084952867535785,0.746400681596334,10000.000000000002,0.00019644620924198176,0.9070888821637827,5.482253001563506e-06
953.9078156312625,0.007090403606157651,0.7457652269922102,10000.000000000002,0.00019659734319584914,0.172210371095478,5.45073862186652e-06
955.9118236472945,0.007095823316251101,0.7451333897365979,10000.000000000002,0.00019674761681417156,0.5720602506132292,5.419710093449749e-06
957.9158316633266,0.007101212432831987,0.7445051191147511,10000.000000000002,0.00019689704215873939,0.4693571442906954,5.389116580886179e-06
959.9198396793586,0.007106571340080726,0.7438803703383885,10000.000000000002,0.00019704562988181624,0.9841407552177458,5.358907248738387e-06
961.9238476953907,0.007111900371342306,0.7432591045456928,10000.000000000002,0.0001971933892261397,0.20083501195124712,5.329031261580228e-06
963.9278557114227,0.007117199809126283,0.7426412888013114,10000.000000000002,0.0001973403280249207,0.4580700391411675,5.2994377839768805e-06
965.9318637274548,0.007122469885106782,0.7420268960963565,10000.000000000002,0.00019748645270184416,0.9725233899478319,5.270075980499597e-06
967.9358717434868,0.007127710780122497,0.7414159053484044,10000.000000000002,0.00019763176827106835,0.8789564133045822,5.240895015714425e-06
969.9398797595189,0.007132922624176689,0.7408083014014959,10000.000000000002,0.00019777627833722527,0.8353648638543519,5.211844054192616e-06
971.943887775551,0.0071381054964371905,0.7402040750261365,10000.000000000002,0.0001979199850954207,0.33211254434044585,5.182872260501084e-06
973.947895791583,0.0071432594252364,0.7396032229192961,10000.000000000002,0.00019806288933123392,0.25379882865105924,5.153928799209347e-06
975.9519038076152,0.007148384388071286,0.7390057477044094,10000.000000000002,0.00019820499042071785,0.7017788979319879,5.124962834886053e-06
977.9559118236472,0.007153480311603384,0.7384116579313749,10000.000000000002,0.00019834628633039918,0.9364383902148272,5.095923532098118e-06
979.9599198396793,0.007158547071658802,0.737820968076556,10000.000000000002,0.00019848677361727814,0.6010866037125367,5.06676005541766e-06
981.9639278557113,0.0071635844932282115,0.7372336985427808,10000.000000000002,0.0001986264474288286,0.6144514205229099,5.03742156940986e-06
983.9679358717434,0.007168592350466857,0.7366498756593414,10000.000000000002,0.00019876530150299824,0.35198118429425573,5.007857238645101e-06
985.9719438877754,0.0071735703666945495,0.7360695316819947,10000.000000000002,0.00019890332816820813,0.7925436398727432,4.978016227692901e-06
987.9759519038075,0.00717851821439567,0.7354927047929622,10000.000000000002,0.00019904051834335318,0.2683393737017711,4.947847701120174e-06
989.9799599198395,0.007183435515219165,0.7349194391009296,10000.000000000002,0.0001991768615378019,0.39131131276381936,4.91730082349557e-06
991.9839679358716,0.007188321839978555,0.7343497846410474,10000.000000000002,0.00019931234585139634,0.4828927947547751,4.886324759389472e-06
993.9879759519036,0.0071931767086519235,0.7337837973749304,10000.000000000002,0.00019944695797445238,0.5568493408160096,4.8548686733687965e-06
995.9919839679358,0.007197999590381927,0.7332215391906578,10000.000000000002,0.00019958068318775939,0.31816875917357224,4.822881730003059e-06
997.9959919839679,0.0072027899034757875,0.7326630779027734,10000.000000000002,0.00019971350536258052,0.20335314226528317,4.7903130938609095e-06
1000.0,0.007207547015405299,0.7321084872522854,10000.000000000002,0.00019984540696065247,0.6495580381974694,4.757111929511865e-06
